TS ID,TS Name,TS Location,Limits Number,Limits Version,Job Order,Programming Lot,Lot Number,Product Number,Product Expiry,Product Firmware Description,Software Number,Software Version
EQ1000004-3,CEQ0134,EPL-AR3-Line1,D1012493,1.81,6171-R&D-00000077,21192-474,21192-474,M1000226,2022-08-31,F1000227 COVID RC4,D1012492,1.3.7887.17225

Team Lead,Operator,Start,Finish,Serial,Host Serial,Index,Passed,Time,Firmware Test,MAC,Time,Serial Test,Time,Self-Test Test,Result,Unloaded3V3,Loaded3V3,Unloaded6V,Loaded6V,T1Freq,T1Cur,T2Freq,T2Cur,TDFreq,C1Freq,C2Freq,Time,Program Test,Time,Batch Test,Time,Bluetooth Test,RSSI,MAC,Time,LED Test,CurrentBase,CurrentG,CurrentR,Time,Button Test,Time,Metadata Test,Test Type,Version,Component,Batch,Sponsorship,Expiry,Firmware,Description,Time
SJAMESON,KMANE,2021-08-06T10:02:58.2356734+10:00,2021-08-06T10:03:12.4854918+10:00,117774108,682630989,1,True,14249,True,FE:49:56:E9:61:9D,1765,True,1,True,0,3114,2900,5983,4734,7414,3345,9564,2171,1232,6500,6905,61,True,7538,True,2316,True,-53,FE:49:56:E9:61:9D,1001,True,3317,5058,5502,332,True,612,True,CovidHomeAg,4,N/A ,21192-474,Sponsored,2022-08-31,89.1.608,F1000227 COVID RC4,614
SJAMESON,KMANE,2021-08-06T10:03:00.5867270+10:00,2021-08-06T10:03:14.7875154+10:00,117774102,682051906,2,True,14200,True,C2:E9:CE:4D:89:A8,1831,True,0,True,0,3115,2957,5876,4750,7457,3211,10678,2058,27,6750,6203,15,True,7394,True,2411,True,-52,C2:E9:CE:4D:89:A8,794,True,3321,4962,5037,482,True,626,True,CovidHomeAg,4,N/A ,21192-474,Sponsored,2022-08-31,89.1.608,F1000227 COVID RC4,642
SJAMESON,KMANE,2021-08-06T10:03:02.6080042+10:00,2021-08-06T10:03:17.2972183+10:00,101010814,682581923,3,True,14689,True,DB:A0:52:86:44:8F,1805,True,0,True,0,3139,3003,5940,4953,8044,3211,11471,2069,353,7626,7913,57,True,7460,True,2416,True,-55,DB:A0:52:86:44:8F,1422,True,3300,4828,4871,265,True,617,True,CovidHomeAg,4,N/A ,21192-474,Sponsored,2022-08-31,89.1.608,F1000227 COVID RC4,641
SJAMESON,KMANE,2021-08-06T10:03:05.2803199+10:00,2021-08-06T10:03:19.9822314+10:00,117774113,682449290,4,True,14700,True,C1:39:2B:11:25:ED,1747,True,0,True,0,3105,2915,5876,4728,7226,3173,10528,2048,428,7565,7186,51,True,7513,True,2400,True,-52,C1:39:2B:11:25:ED,1224,True,3228,4943,5068,189,True,628,True,CovidHomeAg,4,N/A ,21192-474,Sponsored,2022-08-31,89.1.608,F1000227 COVID RC4,939
SJAMESON,KMANE,2021-08-06T10:03:17.3441992+10:00,2021-08-06T10:03:32.6836308+10:00,117774105,682630989,1,True,15339,True,FA:F4:D5:2A:A0:E2,1955,True,0,True,0,3096,2867,5849,4669,7543,3179,10146,2058,431,6900,7449,57,True,7647,True,2371,True,-53,FA:F4:D5:2A:A0:E2,1640,True,3396,5005,5275,408,True,612,True,CovidHomeAg,4,N/A ,21192-474,Sponsored,2022-08-31,89.1.608,F1000227 COVID RC4,642
SJAMESON,KMANE,2021-08-06T10:03:20.6607514+10:00,2021-08-06T10:03:36.8605428+10:00,101010820,682051906,2,True,16199,True,CF:9A:7C:FB:28:B6,2164,True,0,True,0,3125,2983,5940,4868,10911,3189,6718,2058,333,6623,6710,140,True,7442,True,2412,True,-51,CF:9A:7C:FB:28:B6,1686,True,3294,4950,5159,795,True,614,True,CovidHomeAg,4,N/A ,21192-474,Sponsored,2022-08-31,89.1.608,F1000227 COVID RC4,939
SJAMESON,KMANE,2021-08-06T10:03:23.8269777+10:00,2021-08-06T10:03:38.5390864+10:00,101010882,682581923,3,True,14712,True,D8:C8:9A:B9:32:5D,1980,True,0,True,0,3064,2801,5800,4546,6995,3259,10970,2069,286,7848,7784,6,True,7424,True,2293,True,-52,D8:C8:9A:B9:32:5D,1375,True,3094,4816,5238,389,True,626,True,CovidHomeAg,4,N/A ,21192-474,Sponsored,2022-08-31,89.1.608,F1000227 COVID RC4,610
SJAMESON,KMANE,2021-08-06T10:03:27.0992682+10:00,2021-08-06T10:03:41.3829228+10:00,117774114,682449290,4,True,14283,True,E9:F2:F4:5A:0C:C6,1838,True,0,True,0,3121,2969,5892,4878,9193,3173,9536,2069,214,7386,6896,15,True,7411,True,2416,True,-52,E9:F2:F4:5A:0C:C6,971,True,3319,5004,5161,362,True,613,True,CovidHomeAg,4,N/A ,21192-474,Sponsored,2022-08-31,89.1.608,F1000227 COVID RC4,644
SJAMESON,KMANE,2021-08-06T10:03:38.0293766+10:00,2021-08-06T10:03:53.8783970+10:00,184820973,682630989,1,True,15849,True,F3:7A:07:4C:4B:5A,1992,True,0,True,0,3123,2953,5929,4798,7631,3189,7952,2042,204,6870,7066,46,True,7441,True,2402,True,-53,F3:7A:07:4C:4B:5A,2312,True,3375,5021,5464,387,True,621,True,CovidHomeAg,4,N/A ,21192-474,Sponsored,2022-08-31,89.1.608,F1000227 COVID RC4,642
SJAMESON,KMANE,2021-08-06T10:03:41.2969374+10:00,2021-08-06T10:03:55.8975599+10:00,117774127,682051906,2,True,14600,True,C8:BA:A9:A5:A0:E5,1692,True,0,True,0,3077,2838,5886,4642,6113,3206,9069,2085,549,6616,7441,54,True,7505,True,2324,True,-52,C8:BA:A9:A5:A0:E5,1644,True,3235,4977,5429,149,True,610,True,CovidHomeAg,4,N/A ,21192-474,Sponsored,2022-08-31,89.1.608,F1000227 COVID RC4,612
SJAMESON,KMANE,2021-08-06T10:03:47.9603361+10:00,2021-08-06T10:03:56.8623654+10:00,184820990,682449290,4,False,8902,True,E6:1C:40:64:B6:8B,1893,True,0,True,0,3114,2911,5870,4717,7225,3206,11078,2080,536,6698,6791,55,False,6952
SJAMESON,KMANE,2021-08-06T10:03:44.7963077+10:00,2021-08-06T10:03:59.4900911+10:00,184820952,682581923,3,True,14693,True,DC:AE:2D:B7:3A:AE,1818,True,0,True,0,3157,3018,5951,4873,6152,3243,9874,2101,422,7102,7790,54,True,7399,True,2408,True,-53,DC:AE:2D:B7:3A:AE,1569,True,3185,4825,5220,178,True,614,True,CovidHomeAg,4,N/A ,21192-474,Sponsored,2022-08-31,89.1.608,F1000227 COVID RC4,645
SJAMESON,KMANE,2021-08-06T10:03:57.4041940+10:00,2021-08-06T10:04:12.5068844+10:00,117774139,682630989,1,True,15102,True,DE:A2:D2:98:95:5B,2136,True,0,True,0,3162,3052,6004,4991,10630,3232,9140,2010,423,7523,7819,8,True,7581,True,2423,True,-53,DE:A2:D2:98:95:5B,1375,True,3262,5050,5209,311,True,616,True,CovidHomeAg,4,N/A ,21192-474,Sponsored,2022-08-31,89.1.608,F1000227 COVID RC4,645
SJAMESON,KMANE,2021-08-06T10:04:02.7278048+10:00,2021-08-06T10:04:17.3869763+10:00,101010821,682051906,2,True,14659,True,CC:B7:57:6A:19:EB,1200,True,0,True,0,3124,2995,5934,4905,7703,3211,11098,2053,333,7232,7398,8,True,7520,True,2415,True,-54,CC:B7:57:6A:19:EB,1351,True,3250,5035,5066,902,True,614,True,CovidHomeAg,4,N/A ,21192-474,Sponsored,2022-08-31,89.1.608,F1000227 COVID RC4,643
SJAMESON,KMANE,2021-08-06T10:04:08.0316809+10:00,2021-08-06T10:04:21.5627388+10:00,101010864,682581923,3,True,13531,True,E9:B8:8A:AA:79:B9,1866,True,0,True,0,3083,2867,5784,4648,10136,3163,10772,2042,160,6804,7043,15,True,7612,True,1849,True,-53,E9:B8:8A:AA:79:B9,768,True,3250,4903,5030,142,True,626,True,CovidHomeAg,4,N/A ,21192-474,Sponsored,2022-08-31,89.1.608,F1000227 COVID RC4,645
SJAMESON,KMANE,2021-08-06T10:04:13.1217324+10:00,2021-08-06T10:04:27.4236235+10:00,184820963,682449290,4,True,14301,True,C5:6F:28:21:F7:30,1887,True,0,True,0,3148,3019,5961,4905,6908,3152,11080,2037,43,7188,7492,50,True,7510,True,2377,True,-53,C5:6F:28:21:F7:30,913,True,3325,4953,5421,342,True,604,True,CovidHomeAg,4,N/A ,21192-474,Sponsored,2022-08-31,89.1.608,F1000227 COVID RC4,613
SJAMESON,KMANE,2021-08-06T10:04:17.5251909+10:00,2021-08-06T10:04:31.9637113+10:00,134540116,682630989,1,True,14438,True,FE:4F:91:74:0D:97,2016,True,0,True,0,3158,3034,6004,4969,5279,3281,9751,2096,721,6748,6718,5,True,7481,True,2407,True,-53,FE:4F:91:74:0D:97,800,True,3228,5055,5498,459,True,613,True,CovidHomeAg,4,N/A ,21192-474,Sponsored,2022-08-31,89.1.608,F1000227 COVID RC4,643
SJAMESON,KMANE,2021-08-06T10:04:21.1592497+10:00,2021-08-06T10:04:35.1582843+10:00,101010857,682051906,2,True,13999,True,F7:F7:CC:10:90:7F,1832,True,0,True,0,3136,2997,5902,4857,9106,3195,9539,2053,223,6333,6640,25,True,7480,True,2305,True,-54,F7:F7:CC:10:90:7F,712,True,3260,4938,5331,413,True,608,True,CovidHomeAg,4,N/A ,21192-474,Sponsored,2022-08-31,89.1.608,F1000227 COVID RC4,612
SJAMESON,KMANE,2021-08-06T10:04:25.2372207+10:00,2021-08-06T10:04:39.6345893+10:00,184820960,682581923,3,True,14397,True,DC:18:DB:98:56:F4,2004,True,0,True,0,3131,3004,5865,4905,7597,3163,10193,1989,1,6920,7301,57,True,7482,True,2291,True,-52,DC:18:DB:98:56:F4,925,True,3248,4935,5362,394,True,618,True,CovidHomeAg,4,N/A ,21192-474,Sponsored,2022-08-31,89.1.608,F1000227 COVID RC4,614
SJAMESON,KMANE,2021-08-06T10:04:31.9911443+10:00,2021-08-06T10:04:45.6412220+10:00,101010834,682449290,4,True,13650,True,D1:05:0A:39:01:6C,1726,True,0,True,0,3100,2917,5859,4680,6185,3120,10563,1989,205,6558,7080,49,True,7506,True,1844,True,-52,D1:05:0A:39:01:6C,1104,True,3151,4790,4932,154,True,616,True,CovidHomeAg,4,N/A ,21192-474,Sponsored,2022-08-31,89.1.608,F1000227 COVID RC4,643
SJAMESON,KMANE,2021-08-06T10:04:36.8621592+10:00,2021-08-06T10:04:51.1852240+10:00,101010907,682630989,1,True,14323,True,ED:97:2F:51:DE:23,1862,True,0,True,0,3137,2994,5918,4921,5683,3211,9588,2080,533,7551,7871,10,True,7513,True,2407,True,-53,ED:97:2F:51:DE:23,887,True,3341,4987,5078,373,True,620,True,CovidHomeAg,4,N/A ,21192-474,Sponsored,2022-08-31,89.1.608,F1000227 COVID RC4,643
SJAMESON,KMANE,2021-08-06T10:04:40.3773593+10:00,2021-08-06T10:04:54.6485519+10:00,117774095,682051906,2,True,14271,True,EE:AC:47:6F:91:FE,1840,True,0,True,0,3129,2990,5870,4862,8364,3222,7121,2053,179,7069,7469,55,True,7396,True,2363,True,-52,EE:AC:47:6F:91:FE,779,True,3291,4987,5432,601,True,611,True,CovidHomeAg,4,N/A ,21192-474,Sponsored,2022-08-31,89.1.608,F1000227 COVID RC4,614
SJAMESON,KMANE,2021-08-06T10:04:43.7347225+10:00,2021-08-06T10:04:58.6048426+10:00,101010866,682581923,3,True,14870,True,E3:36:38:93:BE:20,2010,True,0,True,0,3128,2960,5913,4814,5055,3238,10181,2031,463,6529,7114,6,True,7483,True,2481,True,-53,E3:36:38:93:BE:20,1209,True,3176,4774,4927,415,True,616,True,CovidHomeAg,4,N/A ,21192-474,Sponsored,2022-08-31,89.1.608,F1000227 COVID RC4,642
SJAMESON,KMANE,2021-08-06T10:04:49.1731364+10:00,2021-08-06T10:05:03.3651662+10:00,101010872,682449290,4,True,14192,True,E6:38:93:EF:75:2C,1662,True,0,True,0,3120,2941,5865,4782,10989,3232,11655,1999,408,7710,7896,53,True,7492,True,2390,True,-53,E6:38:93:EF:75:2C,886,True,3167,4781,4940,457,True,623,True,CovidHomeAg,4,N/A ,21192-474,Sponsored,2022-08-31,89.1.608,F1000227 COVID RC4,621
SJAMESON,KMANE,2021-08-06T10:04:54.9019348+10:00,2021-08-06T10:05:09.9528679+10:00,101010867,682630989,1,True,15050,True,F4:D3:31:3A:C9:AB,2041,True,0,True,0,3093,2893,5806,4594,4609,3206,8824,2037,90,8261,8561,15,True,7659,True,2430,True,-53,F4:D3:31:3A:C9:AB,1264,True,3235,4925,5088,359,True,623,True,CovidHomeAg,4,N/A ,21192-474,Sponsored,2022-08-31,89.1.608,F1000227 COVID RC4,645
SJAMESON,KMANE,2021-08-06T10:04:58.1724762+10:00,2021-08-06T10:05:12.7185997+10:00,117774091,682051906,2,True,14546,True,C4:A6:EB:55:8A:C8,2033,True,0,True,0,3117,2957,5913,4814,5756,3147,9159,2010,372,7161,6730,39,True,7440,True,2421,True,-53,C4:A6:EB:55:8A:C8,910,True,3319,5023,5447,420,True,625,True,CovidHomeAg,4,N/A ,21192-474,Sponsored,2022-08-31,89.1.608,F1000227 COVID RC4,645
SJAMESON,KMANE,2021-08-06T10:05:01.7820232+10:00,2021-08-06T10:05:16.1368907+10:00,101010860,682581923,3,True,14354,True,D1:35:FC:3D:6A:29,2041,True,0,True,0,3122,2960,5902,4814,7286,3232,10598,2117,843,6499,6590,7,True,7385,True,2398,True,-52,D1:35:FC:3D:6A:29,887,True,3203,4814,4980,359,True,626,True,CovidHomeAg,4,N/A ,21192-474,Sponsored,2022-08-31,89.1.608,F1000227 COVID RC4,644
SJAMESON,KMANE,2021-08-06T10:05:07.1925204+10:00,2021-08-06T10:05:21.6852994+10:00,117774107,682449290,4,True,14492,True,C8:FA:A6:B5:C0:AF,2047,True,0,True,0,3066,2848,5833,4658,9441,3184,10076,2064,466,6796,7207,6,True,7433,True,2397,True,-52,C8:FA:A6:B5:C0:AF,767,True,3333,4915,5363,565,True,626,True,CovidHomeAg,4,N/A ,21192-474,Sponsored,2022-08-31,89.1.608,F1000227 COVID RC4,644
SJAMESON,KMANE,2021-08-06T10:05:13.8918331+10:00,2021-08-06T10:05:28.2799954+10:00,117774098,682630989,1,True,14388,True,F4:92:69:47:40:BA,2006,True,0,True,0,3145,3030,5934,4948,7549,3168,11560,2058,160,7632,7705,13,True,7354,True,2312,True,-54,F4:92:69:47:40:BA,1267,True,3396,4973,5396,205,True,608,True,CovidHomeAg,4,N/A ,21192-474,Sponsored,2022-08-31,89.1.608,F1000227 COVID RC4,614
SJAMESON,KMANE,2021-08-06T10:05:17.3906119+10:00,2021-08-06T10:05:31.7549053+10:00,184820982,682051906,2,True,14364,True,C7:C0:15:14:E6:8B,1810,True,0,True,0,3092,2865,5859,4621,6639,3238,10202,2053,386,6773,6373,49,True,7449,True,2486,True,-53,C7:C0:15:14:E6:8B,1128,True,3219,4956,5370,178,True,615,True,CovidHomeAg,4,N/A ,21192-474,Sponsored,2022-08-31,89.1.608,F1000227 COVID RC4,643
SJAMESON,KMANE,2021-08-06T10:05:21.1985962+10:00,2021-08-06T10:05:35.8239677+10:00,101010824,682581923,3,True,14625,True,C7:C3:13:2E:49:F9,2116,True,0,True,0,3113,2921,5838,4712,9353,3157,10516,2042,140,6227,6749,14,True,7396,True,2411,True,-53,C7:C3:13:2E:49:F9,1209,True,3076,4929,5366,205,True,623,True,CovidHomeAg,4,N/A ,21192-474,Sponsored,2022-08-31,89.1.608,F1000227 COVID RC4,642
SJAMESON,KMANE,2021-08-06T10:05:26.4838146+10:00,2021-08-06T10:05:41.5977942+10:00,134540124,682449290,4,True,15113,True,F6:C2:BC:25:98:4D,2128,True,0,True,0,3125,2974,5902,4830,4996,3222,10458,2080,408,7482,7313,151,True,7533,True,2401,True,-52,F6:C2:BC:25:98:4D,1161,True,3244,4989,5070,180,True,616,True,CovidHomeAg,4,N/A ,21192-474,Sponsored,2022-08-31,89.1.608,F1000227 COVID RC4,937
SJAMESON,KMANE,2021-08-06T10:05:31.9982699+10:00,2021-08-06T10:05:46.1753913+10:00,101010919,682630989,1,True,14177,True,F7:7A:64:FD:B2:0A,1837,True,0,True,0,3157,3051,5967,4980,7329,3275,11251,2010,504,8462,8178,6,True,7478,True,2305,True,-53,F7:7A:64:FD:B2:0A,1014,True,3203,4970,5172,301,True,616,True,CovidHomeAg,4,N/A ,21192-474,Sponsored,2022-08-31,89.1.608,F1000227 COVID RC4,613
SJAMESON,KMANE,2021-08-06T10:05:36.4662719+10:00,2021-08-06T10:05:50.9541150+10:00,101010812,682051906,2,True,14487,True,CD:63:90:AF:2C:19,2046,True,0,True,2,3021,2889,5677,4696,9899,3189,12306,2026,177,8102,8068,9,True,7512,True,2404,True,-53,CD:63:90:AF:2C:19,1092,True,3323,4909,5077,164,True,612,True,CovidHomeAg,4,N/A ,21192-474,Sponsored,2022-08-31,89.1.608,F1000227 COVID RC4,642
SJAMESON,KMANE,2021-08-06T10:05:40.6552041+10:00,2021-08-06T10:05:57.3657638+10:00,134540079,682581923,3,True,16710,True,C4:81:58:EA:9F:3F,1786,True,0,True,0,3118,2942,5886,4803,9318,3216,9664,2058,382,7020,7306,7,True,7454,True,2386,True,-52,C4:81:58:EA:9F:3F,3616,True,3176,4806,5063,193,True,613,True,CovidHomeAg,4,N/A ,21192-474,Sponsored,2022-08-31,89.1.608,F1000227 COVID RC4,643
SJAMESON,KMANE,2021-08-06T10:05:45.9373229+10:00,2021-08-06T10:06:00.1181889+10:00,101010825,682449290,4,True,14180,True,D0:27:62:85:EC:DC,1710,True,0,True,0,3139,2968,6010,4846,10413,3232,10451,2101,726,7401,9590,15,True,7588,True,2310,True,-52,D0:27:62:85:EC:DC,1173,True,3323,4918,5114,159,True,607,True,CovidHomeAg,4,N/A ,21192-474,Sponsored,2022-08-31,89.1.608,F1000227 COVID RC4,611
SJAMESON,KMANE,2021-08-06T10:05:50.3908022+10:00,2021-08-06T10:06:05.1660884+10:00,101010852,682630989,1,True,14775,True,D4:0C:AE:DF:4A:67,1937,True,0,True,0,3091,2888,5806,4583,8646,3206,8300,1989,31,7129,6820,10,True,7471,True,2404,True,-53,D4:0C:AE:DF:4A:67,1416,True,3250,5067,5453,277,True,612,True,CovidHomeAg,4,N/A ,21192-474,Sponsored,2022-08-31,89.1.608,F1000227 COVID RC4,643
SJAMESON,KMANE,2021-08-06T10:05:54.4855679+10:00,2021-08-06T10:06:08.7434337+10:00,117774138,682051906,2,True,14257,True,EA:1F:F3:E8:0E:3A,1830,True,0,True,0,3113,2957,5859,4803,5738,3157,9606,2015,1,7586,7118,19,True,7378,True,2420,True,-53,EA:1F:F3:E8:0E:3A,916,True,3287,4975,5364,415,True,628,True,CovidHomeAg,4,N/A ,21192-474,Sponsored,2022-08-31,89.1.608,F1000227 COVID RC4,644
SJAMESON,KMANE,2021-08-06T10:06:00.7368596+10:00,2021-08-06T10:06:15.5500832+10:00,134540111,682581923,3,True,14813,True,FB:75:88:06:1D:33,1984,True,0,True,0,3123,2977,5913,4868,9904,3259,10355,2101,465,7246,6901,58,True,7397,True,2405,True,-53,FB:75:88:06:1D:33,1434,True,3225,4857,4928,252,True,636,True,CovidHomeAg,4,N/A ,21192-474,Sponsored,2022-08-31,89.1.608,F1000227 COVID RC4,641
SJAMESON,KMANE,2021-08-06T10:06:08.7284747+10:00,2021-08-06T10:06:17.5927889+10:00,101010835,682449290,4,False,8864,True,EB:40:FD:AF:81:EE,1825,True,0,True,0,3113,2966,5806,4723,7582,3157,9151,1972,18,7704,8229,53,False,6983
SJAMESON,KMANE,2021-08-06T10:06:13.5038471+10:00,2021-08-06T10:06:27.8521759+10:00,117774128,682630989,1,True,14348,True,F9:BD:9E:46:AA:79,1938,True,0,True,0,3107,2936,5838,4723,9500,3157,9953,2010,17,7264,7598,9,True,7479,True,2398,True,-53,F9:BD:9E:46:AA:79,799,True,3410,5102,5582,457,True,619,True,CovidHomeAg,4,N/A ,21192-474,Sponsored,2022-08-31,89.1.608,F1000227 COVID RC4,637
SJAMESON,KMANE,2021-08-06T10:06:16.5533992+10:00,2021-08-06T10:06:31.2069929+10:00,134540075,682051906,2,True,14653,True,F1:D2:9D:5F:77:7C,1768,True,0,True,0,3147,3013,5967,4969,4535,3216,8431,2074,450,7745,7822,54,True,7461,True,2402,True,-52,F1:D2:9D:5F:77:7C,1264,True,3305,4920,5386,462,True,612,True,CovidHomeAg,4,N/A ,21192-474,Sponsored,2022-08-31,89.1.608,F1000227 COVID RC4,621
SJAMESON,KMANE,2021-08-06T10:06:30.7457735+10:00,2021-08-06T10:06:45.1662864+10:00,101010838,682581923,3,True,14420,True,DC:D2:E6:77:3D:CF,1959,True,0,True,0,3064,2792,5806,4498,9522,3281,8008,2048,299,6975,7697,6,True,7538,True,2393,True,-53,DC:D2:E6:77:3D:CF,1098,True,3076,4772,4899,153,True,622,True,CovidHomeAg,4,N/A ,21192-474,Sponsored,2022-08-31,89.1.608,F1000227 COVID RC4,642
SJAMESON,KMANE,2021-08-06T10:06:36.7575271+10:00,2021-08-06T10:06:50.8278301+10:00,117774137,682449290,4,True,14070,True,DE:6E:BD:39:2F:29,1801,True,0,True,0,3095,2905,5838,4669,7057,3195,8489,2037,101,8133,8051,56,True,7371,True,2297,True,-52,DE:6E:BD:39:2F:29,1015,True,3221,5021,5209,303,True,610,True,CovidHomeAg,4,N/A ,21192-474,Sponsored,2022-08-31,89.1.608,F1000227 COVID RC4,611
SJAMESON,KMANE,2021-08-06T10:06:41.9924293+10:00,2021-08-06T10:06:56.4828943+10:00,134540110,682630989,1,True,14490,True,F3:8D:C5:54:1F:1D,1925,True,0,True,0,3146,2997,5967,4921,6226,3254,9326,2058,597,7186,7064,6,True,7393,True,2330,True,-53,F3:8D:C5:54:1F:1D,965,True,3183,4956,5115,357,True,620,True,CovidHomeAg,4,N/A ,21192-474,Sponsored,2022-08-31,89.1.608,F1000227 COVID RC4,888
SJAMESON,KMANE,2021-08-06T10:06:44.7225025+10:00,2021-08-06T10:07:00.0273656+10:00,101010816,682051906,2,True,15304,True,EE:F4:15:2A:D2:61,2010,True,0,True,0,3127,2995,5918,4830,8930,3163,9219,1994,36,7885,8101,528,True,7401,True,2385,True,-52,EE:F4:15:2A:D2:61,1484,True,3130,5050,5155,254,True,613,True,CovidHomeAg,4,N/A ,21192-474,Sponsored,2022-08-31,89.1.608,F1000227 COVID RC4,620
SJAMESON,KMANE,2021-08-06T10:06:48.5742789+10:00,2021-08-06T10:07:03.4720479+10:00,117774117,682581923,3,True,14897,True,F9:48:65:F2:B5:A0,1947,True,0,True,0,3062,2810,5800,4583,12302,3281,14200,2042,786,6713,7276,51,True,7484,True,2402,True,-51,F9:48:65:F2:B5:A0,1572,True,3262,4870,4939,156,True,632,True,CovidHomeAg,4,N/A ,21192-474,Sponsored,2022-08-31,89.1.608,F1000227 COVID RC4,642
SJAMESON,KMANE,2021-08-06T10:06:55.3593306+10:00,2021-08-06T10:07:09.6159102+10:00,117774140,682449290,4,True,14255,True,DB:68:B4:88:35:F9,1792,True,0,True,0,3120,2959,5972,4793,3685,3168,7426,2053,448,7555,7990,11,True,7435,True,2413,True,-52,DB:68:B4:88:35:F9,1051,True,3291,4976,5403,281,True,621,True,CovidHomeAg,4,N/A ,21192-474,Sponsored,2022-08-31,89.1.608,F1000227 COVID RC4,644
SJAMESON,KMANE,2021-08-06T10:07:00.0024312+10:00,2021-08-06T10:07:15.2249415+10:00,117774142,682630989,1,True,15222,True,E5:75:82:CD:3F:15,1899,True,0,True,0,3132,2997,5934,4953,3942,3227,8783,2074,608,7702,7419,20,True,7519,True,2397,True,-54,E5:75:82:CD:3F:15,1680,True,3267,5018,5483,442,True,614,True,CovidHomeAg,4,N/A ,21192-474,Sponsored,2022-08-31,89.1.608,F1000227 COVID RC4,644
SJAMESON,KMANE,2021-08-06T10:07:03.5799010+10:00,2021-08-06T10:07:17.6682816+10:00,101010891,682051906,2,True,14088,True,CB:B0:4A:20:10:4A,1741,True,0,True,0,3139,2998,5892,4878,8945,3189,8076,1999,43,7325,7665,11,True,7486,True,2304,True,-54,CB:B0:4A:20:10:4A,1095,True,3125,4835,5010,225,True,607,True,CovidHomeAg,4,N/A ,21192-474,Sponsored,2022-08-31,89.1.608,F1000227 COVID RC4,612
SJAMESON,KMANE,2021-08-06T10:07:06.6292861+10:00,2021-08-06T10:07:21.1013719+10:00,134540109,682581923,3,True,14472,True,D7:72:0D:25:27:37,1988,True,0,True,0,3122,2973,5881,4835,8679,3195,8784,1967,17,7246,7499,53,True,7385,True,2410,True,-52,D7:72:0D:25:27:37,1174,True,3092,4741,4358,196,True,611,True,CovidHomeAg,4,N/A ,21192-474,Sponsored,2022-08-31,89.1.608,F1000227 COVID RC4,645
SJAMESON,KMANE,2021-08-06T10:07:13.1544747+10:00,2021-08-06T10:07:27.2971354+10:00,101010803,682449290,4,True,14142,True,FB:2D:08:12:90:81,1797,True,0,True,0,3089,2857,5881,4562,7116,3222,10904,2058,576,6673,6896,6,True,7413,True,2407,True,-53,FB:2D:08:12:90:81,767,True,3162,4959,5068,488,True,615,True,CovidHomeAg,4,N/A ,21192-474,Sponsored,2022-08-31,89.1.608,F1000227 COVID RC4,643
SJAMESON,KMANE,2021-08-06T10:07:18.7170788+10:00,2021-08-06T10:07:32.9029166+10:00,101010822,682630989,1,True,14185,True,C3:22:E4:46:94:6B,1810,True,0,True,0,3128,2974,5892,4868,9570,3211,11800,2048,445,8659,8779,48,True,7453,True,2289,True,-53,C3:22:E4:46:94:6B,715,True,3475,5060,5212,634,True,618,True,CovidHomeAg,4,N/A ,21192-474,Sponsored,2022-08-31,89.1.608,F1000227 COVID RC4,612
SJAMESON,KMANE,2021-08-06T10:07:21.8962952+10:00,2021-08-06T10:07:36.1270647+10:00,117774125,682051906,2,True,14230,True,C2:ED:3E:31:C7:55,1892,True,0,True,0,3118,2982,5881,4809,5564,3173,9827,1956,6,7836,8275,12,True,7465,True,2306,True,-52,C2:ED:3E:31:C7:55,943,True,3391,4984,5430,381,True,607,True,CovidHomeAg,4,N/A ,21192-474,Sponsored,2022-08-31,89.1.608,F1000227 COVID RC4,612
SJAMESON,KMANE,2021-08-06T10:07:25.2487669+10:00,2021-08-06T10:07:39.4368578+10:00,101010831,682581923,3,True,14188,True,D8:66:2F:41:61:AF,1765,True,0,True,0,3096,2905,5876,4755,9210,3275,9722,2101,777,6792,7394,18,True,7420,True,2326,True,-53,D8:66:2F:41:61:AF,1063,True,3205,4839,4966,348,True,628,True,CovidHomeAg,4,N/A ,21192-474,Sponsored,2022-08-31,89.1.608,F1000227 COVID RC4,613
SJAMESON,KMANE,2021-08-06T10:07:30.5766541+10:00,2021-08-06T10:07:44.6262334+10:00,184820953,682449290,4,True,14049,True,E0:D1:22:93:7F:8C,1755,True,0,True,0,3146,3017,5972,5018,8503,3184,8553,2031,363,7798,7380,6,True,7419,True,2348,True,-52,E0:D1:22:93:7F:8C,944,True,3275,4953,5419,348,True,609,True,CovidHomeAg,4,N/A ,21192-474,Sponsored,2022-08-31,89.1.608,F1000227 COVID RC4,613
SJAMESON,KMANE,2021-08-06T10:07:40.1235241+10:00,2021-08-06T10:07:54.8217322+10:00,184820976,682051906,2,True,14698,True,D5:49:A5:51:4B:02,1773,True,0,True,0,3113,2920,5849,4701,7325,3152,10734,2026,34,7412,7071,55,True,7514,True,2391,True,-54,D5:49:A5:51:4B:02,1533,True,3230,4911,5341,178,True,612,True,CovidHomeAg,4,N/A ,21192-474,Sponsored,2022-08-31,89.1.608,F1000227 COVID RC4,628
SJAMESON,KMANE,2021-08-06T10:07:48.6893892+10:00,2021-08-06T10:07:57.6224126+10:00,101010916,682449290,4,False,8933,True,E4:5C:99:F9:B2:FE,2055,True,0,True,0,3127,2964,5865,4835,7194,3200,8107,2005,192,7002,7173,12,False,6864
SJAMESON,KMANE,2021-08-06T10:07:43.7786755+10:00,2021-08-06T10:07:59.5323694+10:00,117774143,682581923,3,True,15753,True,C8:6D:C4:CA:07:A2,1850,True,0,True,0,3131,2989,5929,4868,9056,3216,8278,2064,500,7383,7176,9,True,7502,True,2409,True,-53,C8:6D:C4:CA:07:A2,2405,True,3257,4834,5043,289,True,640,True,CovidHomeAg,4,N/A ,21192-474,Sponsored,2022-08-31,89.1.608,F1000227 COVID RC4,642
SJAMESON,KMANE,2021-08-06T10:07:36.4114243+10:00,2021-08-06T10:08:09.2362748+10:00,101010917,682630989,1,False,32824,True,C8:B2:0E:6B:76:C0,1807,True,0,True,0,3026,2733,5693,4326,10497,3184,10294,1999,41,9271,8626,42,True,7380,True,2406,True,-55,C8:B2:0E:6B:76:C0,983,False,0,0,0,20203
SJAMESON,KMANE,2021-08-06T10:08:02.5742099+10:00,2021-08-06T10:08:16.6187178+10:00,184820946,682051906,2,True,14044,True,C0:4E:EF:82:58:8B,1737,True,0,True,0,3134,2970,5913,4868,9394,3216,8427,2026,508,8047,7803,17,True,7414,True,2377,True,-52,C0:4E:EF:82:58:8B,785,True,3182,5009,5060,473,True,611,True,CovidHomeAg,4,N/A ,21192-474,Sponsored,2022-08-31,89.1.608,F1000227 COVID RC4,618
SJAMESON,KMANE,2021-08-06T10:08:05.7673999+10:00,2021-08-06T10:08:19.9462730+10:00,101010892,682581923,3,True,14178,True,FF:AD:80:84:03:D2,1851,True,0,True,0,3102,2935,5806,4669,6325,3232,10718,1978,281,6865,7562,12,True,7462,True,2303,True,-52,FF:AD:80:84:03:D2,1139,True,3105,4802,5025,183,True,606,True,CovidHomeAg,4,N/A ,21192-474,Sponsored,2022-08-31,89.1.608,F1000227 COVID RC4,613
SJAMESON,KMANE,2021-08-06T10:08:10.7465375+10:00,2021-08-06T10:08:25.1839534+10:00,117774087,682449290,4,True,14437,True,D0:58:0A:EE:A0:E2,1694,True,0,True,0,3133,2991,5940,4959,9949,3152,9073,2058,202,7438,7683,56,True,7368,True,2299,True,-54,D0:58:0A:EE:A0:E2,1489,True,3344,4966,5368,306,True,606,True,CovidHomeAg,4,N/A ,21192-474,Sponsored,2022-08-31,89.1.608,F1000227 COVID RC4,612
SJAMESON,KMANE,2021-08-06T10:08:20.7083304+10:00,2021-08-06T10:08:34.7919936+10:00,101010817,682630989,1,True,14083,True,E1:32:08:E4:F1:F4,1743,True,0,True,0,3130,2972,5897,4814,9481,3222,11617,2048,392,8368,8055,51,True,7420,True,2304,True,-54,E1:32:08:E4:F1:F4,929,True,3351,5057,5215,391,True,608,True,CovidHomeAg,4,N/A ,21192-474,Sponsored,2022-08-31,89.1.608,F1000227 COVID RC4,613
SJAMESON,KMANE,2021-08-06T10:08:24.1264268+10:00,2021-08-06T10:08:38.2523743+10:00,101010904,682051906,2,True,14125,True,FB:26:07:87:59:0E,1705,True,0,True,0,3125,2954,5908,4776,6937,3232,7399,2010,249,7017,7276,55,True,7470,True,2305,True,-51,FB:26:07:87:59:0E,857,True,3130,4825,5137,480,True,626,True,CovidHomeAg,4,N/A ,21192-474,Sponsored,2022-08-31,89.1.608,F1000227 COVID RC4,614
SJAMESON,KMANE,2021-08-06T10:08:28.1564556+10:00,2021-08-06T10:08:42.9830601+10:00,117774100,682581923,3,True,14826,True,F5:F8:A8:46:43:E4,2291,True,0,True,0,3124,2971,5972,4927,8745,3243,8923,2064,610,6693,6802,69,True,7528,True,2408,True,-52,F5:F8:A8:46:43:E4,1083,True,3298,4935,5409,173,True,624,True,CovidHomeAg,4,N/A ,21192-474,Sponsored,2022-08-31,89.1.608,F1000227 COVID RC4,643
SJAMESON,KMANE,2021-08-06T10:08:31.4992809+10:00,2021-08-06T10:08:48.6681490+10:00,184820971,682449290,4,True,17168,True,FD:70:90:CD:D5:9F,1771,True,0,True,0,3138,2988,5908,4884,6881,3195,11439,2080,326,7766,7598,51,True,7482,True,2375,True,-52,FD:70:90:CD:D5:9F,3855,True,3348,4968,5430,402,True,607,True,CovidHomeAg,4,N/A ,21192-474,Sponsored,2022-08-31,89.1.608,F1000227 COVID RC4,613
SJAMESON,KMANE,2021-08-06T10:08:38.5284500+10:00,2021-08-06T10:08:53.3006841+10:00,101010833,682630989,1,True,14772,True,E4:FE:49:37:7E:F5,1803,True,0,True,0,3145,3004,5983,4932,6183,3216,8240,2080,324,7671,7388,54,True,7600,True,2316,True,-55,E4:FE:49:37:7E:F5,1527,True,3251,5027,5029,238,True,608,True,CovidHomeAg,4,N/A ,21192-474,Sponsored,2022-08-31,89.1.608,F1000227 COVID RC4,612
SJAMESON,KMANE,2021-08-06T10:08:41.7487938+10:00,2021-08-06T10:08:56.6427131+10:00,134540129,682051906,2,True,14893,True,F4:A0:D8:66:F2:5F,1950,True,0,True,0,3085,2871,5886,4696,6361,3211,11788,2037,512,7536,7866,14,True,7539,True,2415,True,-51,F4:A0:D8:66:F2:5F,1567,True,3289,4978,5066,146,True,616,True,CovidHomeAg,4,N/A ,21192-474,Sponsored,2022-08-31,89.1.608,F1000227 COVID RC4,641
SJAMESON,KMANE,2021-08-06T10:08:56.4738100+10:00,2021-08-06T10:09:05.1532040+10:00,117774101,682449290,4,False,8679,True,FB:39:71:39:EC:EC,1664,True,0,True,0,3127,2961,5897,4776,4490,3211,8593,2026,164,6553,6442,52,False,6962
SJAMESON,KMANE,2021-08-06T10:09:00.5058864+10:00,2021-08-06T10:09:14.8711439+10:00,184820954,682630989,1,True,14365,True,C6:F4:B7:CF:3D:6B,1944,True,0,True,0,3128,2980,5940,4862,10966,3211,12216,2037,464,7834,7757,5,True,7409,True,2305,True,-55,C6:F4:B7:CF:3D:6B,1266,True,3262,4996,5420,202,True,609,True,CovidHomeAg,4,N/A ,21192-474,Sponsored,2022-08-31,89.1.608,F1000227 COVID RC4,613
SJAMESON,KMANE,2021-08-06T10:09:03.9052077+10:00,2021-08-06T10:09:18.8602131+10:00,101010874,682051906,2,True,14955,True,CD:DD:A1:F9:97:DC,1992,True,0,True,0,3135,2973,5908,4878,6075,3184,10197,2021,258,7418,7366,11,True,7531,True,2417,True,-51,CD:DD:A1:F9:97:DC,1581,True,3185,4868,5095,146,True,621,True,CovidHomeAg,4,N/A ,21192-474,Sponsored,2022-08-31,89.1.608,F1000227 COVID RC4,644
SJAMESON,KMANE,2021-08-06T10:09:07.1447880+10:00,2021-08-06T10:09:21.4793861+10:00,101010851,682581923,3,True,14334,True,EA:C9:A7:83:E5:A8,1972,True,0,True,0,3120,2964,5886,4723,9978,3131,9289,2015,126,7795,7587,14,True,7493,True,2305,True,-53,EA:C9:A7:83:E5:A8,940,True,3173,4823,5023,382,True,607,True,CovidHomeAg,4,N/A ,21192-474,Sponsored,2022-08-31,89.1.608,F1000227 COVID RC4,612
SJAMESON,KMANE,2021-08-06T10:09:15.7521264+10:00,2021-08-06T10:09:30.8110459+10:00,117774096,682449290,4,True,15058,True,D6:A2:12:89:AD:46,1798,True,0,True,0,3126,2972,5849,4814,5783,3173,10200,2005,77,7547,7316,13,True,7407,True,2405,True,-52,D6:A2:12:89:AD:46,1717,True,3417,4924,5375,449,True,622,True,CovidHomeAg,4,N/A ,21192-474,Sponsored,2022-08-31,89.1.608,F1000227 COVID RC4,643
SJAMESON,KMANE,2021-08-06T10:09:20.2085315+10:00,2021-08-06T10:09:34.8810598+10:00,134540087,682630989,1,True,14672,True,C4:45:1F:C1:0F:FC,1930,True,0,True,0,3113,2931,5897,4787,5935,3179,8984,2005,256,7386,6964,9,True,7416,True,2316,True,-54,C4:45:1F:C1:0F:FC,1355,True,3189,4962,5057,414,True,607,True,CovidHomeAg,4,N/A ,21192-474,Sponsored,2022-08-31,89.1.608,F1000227 COVID RC4,614
SJAMESON,KMANE,2021-08-06T10:09:23.3216663+10:00,2021-08-06T10:09:37.8447538+10:00,117774111,682051906,2,True,14523,True,F4:8A:C4:82:BE:F8,1678,True,0,True,0,3087,2902,5854,4771,7836,3173,10994,2064,439,6770,7231,52,True,7464,True,2364,True,-51,F4:8A:C4:82:BE:F8,1356,True,3312,5086,5543,366,True,615,True,CovidHomeAg,4,N/A ,21192-474,Sponsored,2022-08-31,89.1.608,F1000227 COVID RC4,614
SJAMESON,KMANE,2021-08-06T10:09:26.2836230+10:00,2021-08-06T10:09:41.6657022+10:00,134540117,682581923,3,True,15382,True,C3:BE:CB:7E:2B:81,1976,True,0,True,0,3130,2987,5929,4884,9171,3211,12159,2058,513,7314,7513,6,True,7505,True,2416,True,-52,C3:BE:CB:7E:2B:81,1751,True,3266,4866,4967,463,True,615,True,CovidHomeAg,4,N/A ,21192-474,Sponsored,2022-08-31,89.1.608,F1000227 COVID RC4,643
SJAMESON,KMANE,2021-08-06T10:09:35.6075352+10:00,2021-08-06T10:09:49.7314825+10:00,134540121,682449290,4,True,14123,True,C9:EE:A9:E8:B2:C5,1832,True,0,True,0,3110,2949,5892,4787,6102,3184,10647,2021,91,6613,6338,10,True,7362,True,2404,True,-52,C9:EE:A9:E8:B2:C5,926,True,3339,4973,5091,321,True,616,True,CovidHomeAg,4,N/A ,21192-474,Sponsored,2022-08-31,89.1.608,F1000227 COVID RC4,644
SJAMESON,KMANE,2021-08-06T10:09:40.4519135+10:00,2021-08-06T10:09:55.2417676+10:00,117774090,682630989,1,True,14789,True,D1:7B:06:05:4A:54,1897,True,0,True,0,3113,2942,5924,4825,7115,3243,12244,2123,593,5636,6725,8,True,7497,True,2421,True,-53,D1:7B:06:05:4A:54,1460,True,3233,5050,5147,227,True,628,True,CovidHomeAg,4,N/A ,21192-474,Sponsored,2022-08-31,89.1.608,F1000227 COVID RC4,644
SJAMESON,KMANE,2021-08-06T10:09:43.4639588+10:00,2021-08-06T10:09:57.8302476+10:00,101010915,682051906,2,True,14366,True,CD:A6:8A:4F:75:7B,1844,True,0,True,0,3135,2962,5892,4809,10533,3222,10178,2037,216,7925,8189,47,True,7417,True,2302,True,-52,CD:A6:8A:4F:75:7B,1331,True,3200,4925,5100,197,True,610,True,CovidHomeAg,4,N/A ,21192-474,Sponsored,2022-08-31,89.1.608,F1000227 COVID RC4,612
SJAMESON,KMANE,2021-08-06T10:09:47.4181030+10:00,2021-08-06T10:10:02.7036940+10:00,101010823,682581923,3,True,15285,True,CF:AF:0F:FC:66:77,1910,True,0,True,0,3119,2954,5886,4814,5900,3206,11023,1989,179,6454,6709,16,True,7463,True,2414,True,-52,CF:AF:0F:FC:66:77,1747,True,3203,4850,5007,465,True,614,True,CovidHomeAg,4,N/A ,21192-474,Sponsored,2022-08-31,89.1.608,F1000227 COVID RC4,644
SJAMESON,KMANE,2021-08-06T10:09:53.0340135+10:00,2021-08-06T10:10:07.4137282+10:00,134540033,682449290,4,True,14379,True,E8:93:EA:4E:CA:37,1935,True,0,True,0,3131,2985,5934,4846,9463,3179,10237,2021,187,7931,7241,5,True,7453,True,2393,True,-51,E8:93:EA:4E:CA:37,962,True,3219,4873,5091,369,True,612,True,CovidHomeAg,4,N/A ,21192-474,Sponsored,2022-08-31,89.1.608,F1000227 COVID RC4,642
SJAMESON,KMANE,2021-08-06T10:09:58.7346218+10:00,2021-08-06T10:10:13.3121019+10:00,117774083,682630989,1,True,14577,True,F5:04:53:E4:77:BB,1712,True,0,True,0,3137,2993,5993,4916,9353,3243,9180,2096,816,7220,7119,53,True,7473,True,2302,True,-54,F5:04:53:E4:77:BB,1637,True,3266,5064,5480,154,True,618,True,CovidHomeAg,4,N/A ,21192-474,Sponsored,2022-08-31,89.1.608,F1000227 COVID RC4,614
SJAMESON,KMANE,2021-08-06T10:10:03.6772428+10:00,2021-08-06T10:10:18.0579353+10:00,101010839,682051906,2,True,14380,True,EE:F4:85:52:B8:79,1846,True,0,True,0,3130,2983,5902,4841,7410,3227,10028,2058,555,8461,8811,49,True,7468,True,2345,True,-52,EE:F4:85:52:B8:79,1224,True,3289,5005,5155,210,True,609,True,CovidHomeAg,4,N/A ,21192-474,Sponsored,2022-08-31,89.1.608,F1000227 COVID RC4,621
SJAMESON,KMANE,2021-08-06T10:10:06.8431060+10:00,2021-08-06T10:10:21.3868154+10:00,101010855,682581923,3,True,14543,True,F6:CA:02:6B:4F:F5,1721,True,0,True,0,3099,2918,5822,4680,4017,3168,7483,1994,1,7072,6395,6,True,7506,True,2311,True,-52,F6:CA:02:6B:4F:F5,1459,True,3133,4825,5222,312,True,610,True,CovidHomeAg,4,N/A ,21192-474,Sponsored,2022-08-31,89.1.608,F1000227 COVID RC4,613
SJAMESON,KMANE,2021-08-06T10:10:10.7193705+10:00,2021-08-06T10:10:25.0237114+10:00,117774122,682449290,4,True,14304,True,C2:44:84:59:BB:15,1835,True,0,True,0,3093,2891,5795,4621,6942,3195,11148,2026,55,6687,6911,17,True,7411,True,2395,True,-52,C2:44:84:59:BB:15,1182,True,3351,4949,5434,196,True,615,True,CovidHomeAg,4,N/A ,21192-474,Sponsored,2022-08-31,89.1.608,F1000227 COVID RC4,643
SJAMESON,KMANE,2021-08-06T10:10:16.8277157+10:00,2021-08-06T10:10:31.2891743+10:00,117774133,682630989,1,True,14461,True,F0:E7:D4:FC:35:53,2013,True,0,True,0,3119,2948,5849,4803,10973,3184,10333,2037,190,8463,8343,10,True,7524,True,2399,True,-54,F0:E7:D4:FC:35:53,974,True,3292,4993,5109,278,True,613,True,CovidHomeAg,4,N/A ,21192-474,Sponsored,2022-08-31,89.1.608,F1000227 COVID RC4,643
SJAMESON,KMANE,2021-08-06T10:10:21.5628569+10:00,2021-08-06T10:10:36.1202044+10:00,134540118,682051906,2,True,14557,True,CC:8B:3C:36:0F:DE,1949,True,0,True,0,3149,3017,5972,4910,5755,3222,8918,2053,501,7177,7468,7,True,7488,True,2487,True,-53,CC:8B:3C:36:0F:DE,1148,True,3262,5071,5132,208,True,621,True,CovidHomeAg,4,N/A ,21192-474,Sponsored,2022-08-31,89.1.608,F1000227 COVID RC4,643
SJAMESON,KMANE,2021-08-06T10:10:26.2822976+10:00,2021-08-06T10:10:40.6861277+10:00,101010869,682581923,3,True,14403,True,C9:95:D6:60:A6:C9,1985,True,0,True,0,3128,2975,5913,4846,6744,3222,11620,2048,372,7482,7358,55,True,7426,True,2407,True,-52,C9:95:D6:60:A6:C9,784,True,3060,4823,5293,470,True,627,True,CovidHomeAg,4,N/A ,21192-474,Sponsored,2022-08-31,89.1.608,F1000227 COVID RC4,644
SJAMESON,KMANE,2021-08-06T10:10:29.0986742+10:00,2021-08-06T10:10:43.8811956+10:00,101010884,682449290,4,True,14782,True,DB:33:67:57:74:7F,2093,True,0,True,0,3137,2993,5934,4878,4662,3195,8730,2042,609,7994,8136,52,True,7420,True,2402,True,-51,DB:33:67:57:74:7F,1122,True,3128,4888,5050,143,True,624,True,CovidHomeAg,4,N/A ,21192-474,Sponsored,2022-08-31,89.1.608,F1000227 COVID RC4,917
SJAMESON,KMANE,2021-08-06T10:10:34.5434961+10:00,2021-08-06T10:10:48.8017569+10:00,101010815,682630989,1,True,14258,True,C2:7E:D5:33:9D:8C,1919,True,0,True,0,3142,3011,5908,4910,7138,3173,9383,1978,26,7656,8367,6,True,7484,True,2309,True,-54,C2:7E:D5:33:9D:8C,1081,True,3323,5030,5128,231,True,608,True,CovidHomeAg,4,N/A ,21192-474,Sponsored,2022-08-31,89.1.608,F1000227 COVID RC4,613
SJAMESON,KMANE,2021-08-06T10:10:39.3947228+10:00,2021-08-06T10:10:53.9762406+10:00,101010806,682051906,2,True,14581,True,C5:8A:94:78:E7:0E,1741,True,0,True,0,3139,2998,5908,4873,4094,3232,7993,2064,92,8007,7501,7,True,7512,True,2349,True,-52,C5:8A:94:78:E7:0E,1258,True,3339,4948,5118,182,True,612,True,CovidHomeAg,4,N/A ,21192-474,Sponsored,2022-08-31,89.1.608,F1000227 COVID RC4,913
SJAMESON,KMANE,2021-08-06T10:10:43.8292075+10:00,2021-08-06T10:10:58.1446676+10:00,101010845,682581923,3,True,14315,True,ED:E9:9D:D5:AE:CA,1746,True,0,True,0,3041,2739,5758,4380,4916,3281,9796,2069,579,7230,7158,49,True,7528,True,2290,True,-52,ED:E9:9D:D5:AE:CA,1291,True,3071,4812,5009,182,True,607,True,CovidHomeAg,4,N/A ,21192-474,Sponsored,2022-08-31,89.1.608,F1000227 COVID RC4,613
SJAMESON,KMANE,2021-08-06T10:10:48.9604740+10:00,2021-08-06T10:11:03.6691765+10:00,101010908,682449290,4,True,14708,True,C5:F5:70:CF:3C:98,1825,True,0,True,0,3146,3004,5951,4932,10487,3173,10167,2005,282,7666,7602,10,True,7472,True,2415,True,-53,C5:F5:70:CF:3C:98,1573,True,3248,4837,4973,143,True,614,True,CovidHomeAg,4,N/A ,21192-474,Sponsored,2022-08-31,89.1.608,F1000227 COVID RC4,645
SJAMESON,KMANE,2021-08-06T10:10:53.4504112+10:00,2021-08-06T10:11:07.5917743+10:00,101010886,682630989,1,True,14141,True,F6:A5:D5:58:B7:7B,1813,True,0,True,0,3106,2926,5865,4760,5476,3211,9961,2058,249,8786,8160,5,True,7480,True,2292,True,-53,F6:A5:D5:58:B7:7B,1100,True,3255,5080,5512,230,True,605,True,CovidHomeAg,4,N/A ,21192-474,Sponsored,2022-08-31,89.1.608,F1000227 COVID RC4,610
SJAMESON,KMANE,2021-08-06T10:10:57.0230911+10:00,2021-08-06T10:11:11.7825254+10:00,117774147,682051906,2,True,14759,True,F2:E3:E7:9B:49:43,1897,True,0,True,0,3126,2953,5918,4760,11555,3238,10736,2058,250,7214,7381,16,True,7470,True,2416,True,-53,F2:E3:E7:9B:49:43,1304,True,3276,5002,5449,389,True,614,True,CovidHomeAg,4,N/A ,21192-474,Sponsored,2022-08-31,89.1.608,F1000227 COVID RC4,643
SJAMESON,KMANE,2021-08-06T10:11:01.0763899+10:00,2021-08-06T10:11:16.5727064+10:00,117774092,682581923,3,True,15496,True,CB:21:42:71:2E:4A,1986,True,0,True,0,3112,2979,5886,4814,7007,3179,10864,2037,132,6428,6970,12,True,7505,True,2474,True,-54,CB:21:42:71:2E:4A,1983,True,3237,4809,5202,274,True,613,True,CovidHomeAg,4,N/A ,21192-474,Sponsored,2022-08-31,89.1.608,F1000227 COVID RC4,642
SJAMESON,KMANE,2021-08-06T10:11:08.0004544+10:00,2021-08-06T10:11:16.7526809+10:00,101010913,682449290,4,False,8752,True,D8:B8:C6:37:7F:1A,1789,True,0,True,0,3048,2745,5768,4396,6624,3163,9380,2037,26,7218,7577,13,False,6947
SJAMESON,KMANE,2021-08-06T10:11:28.2755806+10:00,2021-08-06T10:11:43.2412252+10:00,101010923,682051906,2,True,14965,True,CB:E6:26:0D:74:37,1874,True,0,True,0,3131,2958,5892,4787,9257,3222,10483,2026,387,8094,8334,10,True,7356,True,2413,True,-52,CB:E6:26:0D:74:37,1637,True,3182,4976,5166,410,True,615,True,CovidHomeAg,4,N/A ,21192-474,Sponsored,2022-08-31,89.1.608,F1000227 COVID RC4,644
SJAMESON,KMANE,2021-08-06T10:11:32.1393470+10:00,2021-08-06T10:11:46.7006862+10:00,184820983,682581923,3,True,14561,True,D6:19:47:F9:9E:A7,1940,True,0,True,0,3134,3002,5940,4884,5252,3179,8061,2037,71,6965,6924,53,True,7478,True,2389,True,-52,D6:19:47:F9:9E:A7,1254,True,3212,4898,5316,183,True,614,True,CovidHomeAg,4,N/A ,21192-474,Sponsored,2022-08-31,89.1.608,F1000227 COVID RC4,642
SJAMESON,KMANE,2021-08-06T10:11:37.0291446+10:00,2021-08-06T10:11:51.1815577+10:00,184820947,682630989,1,True,14152,True,E8:92:55:CE:54:01,1819,True,0,True,0,3124,2983,5924,4916,9476,3238,10123,2064,542,8345,7842,9,True,7388,True,2396,True,-53,E8:92:55:CE:54:01,828,True,3360,5040,5097,420,True,634,True,CovidHomeAg,4,N/A ,21192-474,Sponsored,2022-08-31,89.1.608,F1000227 COVID RC4,648
SJAMESON,KMANE,2021-08-06T10:11:43.9702747+10:00,2021-08-06T10:11:59.9640139+10:00,117774134,682449290,4,True,15993,True,F4:ED:AE:84:ED:9C,2100,True,0,True,0,3157,3013,5988,4975,8923,3324,10032,2144,987,6888,7341,12,True,8121,True,2383,True,-53,F4:ED:AE:84:ED:9C,1478,True,3255,4850,4950,635,True,615,True,CovidHomeAg,4,N/A ,21192-474,Sponsored,2022-08-31,89.1.608,F1000227 COVID RC4,643
SJAMESON,KMANE,2021-08-06T10:11:47.9212916+10:00,2021-08-06T10:12:02.3341569+10:00,184820994,682051906,2,True,14412,True,FA:4A:6C:52:0B:A6,1700,True,0,True,0,3108,2936,5876,4760,7396,3168,9280,1989,83,6766,6861,51,True,7779,True,2306,True,-53,FA:4A:6C:52:0B:A6,1072,True,3276,4925,5336,271,True,607,True,CovidHomeAg,4,N/A ,21192-474,Sponsored,2022-08-31,89.1.608,F1000227 COVID RC4,616
SJAMESON,KMANE,2021-08-06T10:11:50.5914093+10:00,2021-08-06T10:12:04.8688623+10:00,101010846,682581923,3,True,14277,True,D0:50:BA:A7:DA:D8,1861,True,0,True,0,3116,2969,5870,4809,4900,3195,10163,2021,331,8136,8304,52,True,7531,True,2400,True,-52,D0:50:BA:A7:DA:D8,722,True,3244,4852,4948,449,True,612,True,CovidHomeAg,4,N/A ,21192-474,Sponsored,2022-08-31,89.1.608,F1000227 COVID RC4,643
SJAMESON,KMANE,2021-08-06T10:11:54.7179230+10:00,2021-08-06T10:12:08.9941456+10:00,101010887,682630989,1,True,14276,True,DD:5B:C2:43:8A:D2,1710,True,0,True,0,3148,2999,5967,4910,9664,3291,11596,2074,895,6478,7085,57,True,7493,True,2340,True,-53,DD:5B:C2:43:8A:D2,1245,True,3296,4979,5429,203,True,608,True,CovidHomeAg,4,N/A ,21192-474,Sponsored,2022-08-31,89.1.608,F1000227 COVID RC4,613
SJAMESON,KMANE,2021-08-06T10:12:04.2837482+10:00,2021-08-06T10:12:18.3371997+10:00,101010828,682449290,4,True,14053,True,DA:8E:84:5C:9F:DA,1783,True,0,True,0,3133,2991,6004,4884,7316,3157,11234,2064,619,7806,8599,7,True,7402,True,2295,True,-52,DA:8E:84:5C:9F:DA,993,True,3233,4897,5033,338,True,615,True,CovidHomeAg,4,N/A ,21192-474,Sponsored,2022-08-31,89.1.608,F1000227 COVID RC4,613
SJAMESON,KMANE,2021-08-06T10:12:09.1109004+10:00,2021-08-06T10:12:23.5198917+10:00,184820992,682051906,2,True,14408,True,E0:58:EE:39:D5:68,1808,True,0,True,0,3095,2896,5854,4739,5605,3168,9562,2053,239,7140,6856,62,True,7445,True,2410,True,-51,E0:58:EE:39:D5:68,1210,True,3253,5020,5427,208,True,615,True,CovidHomeAg,4,N/A ,21192-474,Sponsored,2022-08-31,89.1.608,F1000227 COVID RC4,643
SJAMESON,KMANE,2021-08-06T10:12:13.2639044+10:00,2021-08-06T10:12:26.9086498+10:00,184820995,682581923,3,True,13644,True,D4:8B:E3:F8:99:76,1097,True,0,True,0,3126,2967,5902,4825,6166,3200,9946,2064,263,7859,7541,55,True,7424,True,2401,True,-52,D4:8B:E3:F8:99:76,1243,True,3292,4945,5415,184,True,612,True,CovidHomeAg,4,N/A ,21192-474,Sponsored,2022-08-31,89.1.608,F1000227 COVID RC4,623
SJAMESON,KMANE,2021-08-06T10:12:16.9751347+10:00,2021-08-06T10:12:31.2754787+10:00,101010918,682630989,1,True,14300,True,EA:22:FD:90:D1:8D,1799,True,0,True,0,3101,2928,5833,4755,11740,3152,10604,1972,81,7193,7080,13,True,7479,True,2316,True,-53,EA:22:FD:90:D1:8D,1277,True,3266,4950,5112,183,True,615,True,CovidHomeAg,4,N/A ,21192-474,Sponsored,2022-08-31,89.1.608,F1000227 COVID RC4,611
SJAMESON,KMANE,2021-08-06T10:12:22.3723393+10:00,2021-08-06T10:12:36.6282150+10:00,117774089,682449290,4,True,14255,True,DB:FA:0D:65:02:68,1791,True,0,True,0,3136,2980,5983,4927,7417,3211,8354,2037,452,7065,6998,15,True,7541,True,2382,True,-52,DB:FA:0D:65:02:68,990,True,3260,5004,5077,269,True,618,True,CovidHomeAg,4,N/A ,21192-474,Sponsored,2022-08-31,89.1.608,F1000227 COVID RC4,643
SJAMESON,KMANE,2021-08-06T10:12:27.2484604+10:00,2021-08-06T10:12:41.5447374+10:00,101010856,682051906,2,True,14296,True,C3:24:7D:2C:0B:88,1900,True,0,True,0,3109,2941,5886,4723,5701,3222,10442,2123,651,7123,6868,6,True,7548,True,2408,True,-52,C3:24:7D:2C:0B:88,726,True,3908,4411,4597,439,True,613,True,CovidHomeAg,4,N/A ,21192-474,Sponsored,2022-08-31,89.1.608,F1000227 COVID RC4,644
SJAMESON,KMANE,2021-08-06T10:12:30.5350789+10:00,2021-08-06T10:12:45.8644197+10:00,101010901,682581923,3,True,15329,True,D5:E6:62:52:1D:40,1855,True,0,True,0,3152,3027,5999,4991,9692,3324,9283,2085,846,8578,8708,53,True,7509,True,2406,True,-52,D5:E6:62:52:1D:40,2006,True,3085,4861,5273,249,True,610,True,CovidHomeAg,4,N/A ,21192-474,Sponsored,2022-08-31,89.1.608,F1000227 COVID RC4,632
SJAMESON,KMANE,2021-08-06T10:12:34.5503002+10:00,2021-08-06T10:12:49.3408355+10:00,101010868,682630989,1,True,14790,True,D6:10:EB:60:3A:A9,1908,True,0,True,0,3110,2911,5859,4675,8122,3206,8812,2005,179,7275,7916,8,True,7488,True,2413,True,-53,D6:10:EB:60:3A:A9,1315,True,3200,4994,5119,396,True,616,True,CovidHomeAg,4,N/A ,21192-474,Sponsored,2022-08-31,89.1.608,F1000227 COVID RC4,641
SJAMESON,KMANE,2021-08-06T10:12:41.7046099+10:00,2021-08-06T10:12:50.7308229+10:00,117774118,682449290,4,False,9026,True,DC:4C:D2:2C:13:4C,1803,True,0,True,0,3074,2798,5838,4465,9470,3243,8722,2031,101,6447,6818,49,False,7171
SJAMESON,KMANE,2021-08-06T10:12:45.5308159+10:00,2021-08-06T10:13:00.1692355+10:00,101010804,682051906,2,True,14638,True,C7:2B:79:B9:A9:77,1825,True,0,True,2,3022,2850,5704,4621,10762,3254,12914,2053,853,6854,6434,38,True,7673,True,2382,True,-52,C7:2B:79:B9:A9:77,1205,True,3353,4889,4977,279,True,609,True,CovidHomeAg,4,N/A ,21192-474,Sponsored,2022-08-31,89.1.608,F1000227 COVID RC4,613
SJAMESON,KMANE,2021-08-06T10:12:49.2670335+10:00,2021-08-06T10:13:04.4382470+10:00,101010854,682581923,3,True,15171,True,F1:7B:E8:CC:B7:AF,1793,True,0,True,0,3110,2960,5892,4798,8033,3200,9363,2021,204,6812,6984,57,True,7382,True,2419,True,-52,F1:7B:E8:CC:B7:AF,1953,True,3196,4846,4950,302,True,613,True,CovidHomeAg,4,N/A ,21192-474,Sponsored,2022-08-31,89.1.608,F1000227 COVID RC4,643
SJAMESON,KMANE,2021-08-06T10:13:12.5797007+10:00,2021-08-06T10:13:27.0231407+10:00,117774123,682630989,1,True,14443,True,ED:EB:23:A7:40:DD,2077,True,0,True,0,3095,2894,5870,4669,10268,3216,11866,2053,201,7094,7653,8,True,7362,True,2405,True,-54,ED:EB:23:A7:40:DD,1130,True,3300,4926,5373,201,True,613,True,CovidHomeAg,4,N/A ,21192-474,Sponsored,2022-08-31,89.1.608,F1000227 COVID RC4,642
SJAMESON,KMANE,2021-08-06T10:13:16.3278000+10:00,2021-08-06T10:13:30.5685629+10:00,134540144,682051906,2,True,14240,True,F7:8D:63:61:89:5D,1821,True,0,True,0,3135,2983,5908,4884,4662,3232,7596,2048,440,7707,8105,15,True,7420,True,2312,True,-51,F7:8D:63:61:89:5D,1246,True,3221,4996,5141,191,True,613,True,CovidHomeAg,4,N/A ,21192-474,Sponsored,2022-08-31,89.1.608,F1000227 COVID RC4,613
SJAMESON,KMANE,2021-08-06T10:13:19.3299256+10:00,2021-08-06T10:13:34.5215683+10:00,101010862,682581923,3,True,15191,True,CF:14:42:8B:F6:8C,1933,True,0,True,0,3099,2937,5870,4771,10629,3163,9278,2005,216,8482,8024,42,True,7530,True,2403,True,-52,CF:14:42:8B:F6:8C,1557,True,3208,4783,4972,137,True,636,True,CovidHomeAg,4,N/A ,21192-474,Sponsored,2022-08-31,89.1.608,F1000227 COVID RC4,945
SJAMESON,KMANE,2021-08-06T10:13:27.8319520+10:00,2021-08-06T10:13:43.2727730+10:00,101010841,682449290,4,True,15440,True,E8:7D:75:DB:35:78,1881,True,0,True,0,3112,2962,5833,4739,11090,3163,8839,1962,112,8366,8084,59,True,7447,True,2280,True,-52,E8:7D:75:DB:35:78,1697,True,3200,4901,5058,828,True,627,True,CovidHomeAg,4,N/A ,21192-474,Sponsored,2022-08-31,89.1.608,F1000227 COVID RC4,612
SJAMESON,KMANE,2021-08-06T10:13:31.7032040+10:00,2021-08-06T10:13:54.4181425+10:00,101010842,682630989,1,False,22714,True,D9:6B:F7:45:78:6C,1863,True,0,True,0,3117,2969,5859,4841,10756,3227,11369,2074,425,6592,6886,8,False,20841
SJAMESON,KMANE,2021-08-06T10:13:37.9248492+10:00,2021-08-06T10:13:54.4470647+10:00,101010875,682581923,3,True,16522,True,C4:AB:13:B7:2F:11,1845,True,0,True,0,3127,2951,5902,4744,11901,3286,8071,2053,687,6713,6783,5,True,8803,True,2341,True,-51,C4:AB:13:B7:2F:11,1948,True,3087,4939,4948,349,True,612,True,CovidHomeAg,4,N/A ,21192-474,Sponsored,2022-08-31,89.1.608,F1000227 COVID RC4,613
SJAMESON,KMANE,2021-08-06T10:13:46.5851776+10:00,2021-08-06T10:14:02.2707533+10:00,101010898,682449290,4,True,15685,True,CE:05:18:21:EC:5E,1801,True,0,True,0,3135,2952,5951,4825,7429,3238,9793,2042,187,7097,7312,55,True,7967,True,2310,True,-52,CE:05:18:21:EC:5E,1982,True,3130,4870,5027,338,True,612,True,CovidHomeAg,4,N/A ,21192-474,Sponsored,2022-08-31,89.1.608,F1000227 COVID RC4,612
SJAMESON,KMANE,2021-08-06T10:13:35.0143411+10:00,2021-08-06T10:14:04.3818637+10:00,184820943,682051906,2,True,29367,True,FA:F6:B7:56:1A:A1,1843,True,0,True,0,3077,2960,5827,4825,8952,3243,10693,2026,529,8159,9380,21,True,22471,True,2294,True,-52,FA:F6:B7:56:1A:A1,1322,True,3208,4842,5343,189,True,607,True,CovidHomeAg,4,N/A ,21192-474,Sponsored,2022-08-31,89.1.608,F1000227 COVID RC4,611
SJAMESON,KMANE,2021-08-06T10:14:09.5988281+10:00,2021-08-06T10:14:24.4203432+10:00,117774109,682051906,2,True,14821,True,E3:F4:25:1A:54:91,1765,True,0,True,0,3139,2999,5924,4862,11108,3265,11350,1967,216,6588,6703,185,True,7515,True,2326,True,-52,E3:F4:25:1A:54:91,1353,True,3273,4987,5132,442,True,615,True,CovidHomeAg,4,N/A ,21192-474,Sponsored,2022-08-31,89.1.608,F1000227 COVID RC4,613
SJAMESON,KMANE,2021-08-06T10:14:16.4223073+10:00,2021-08-06T10:14:25.8863326+10:00,117774097,682449290,4,False,9464,True,D0:66:E2:68:C0:4B,2092,True,0,True,0,3131,2987,5929,4921,9865,3259,9886,2101,698,7213,7332,54,False,7316
SJAMESON,KMANE,2021-08-06T10:14:12.6441684+10:00,2021-08-06T10:14:26.9778228+10:00,101010897,682581923,3,True,14333,True,D2:9C:4A:8E:76:DB,1855,True,0,True,0,3116,2950,5827,4685,5288,3179,10369,1967,227,7144,7511,56,True,7460,True,2375,True,-53,D2:9C:4A:8E:76:DB,984,True,3073,4853,5060,372,True,607,True,CovidHomeAg,4,N/A ,21192-474,Sponsored,2022-08-31,89.1.608,F1000227 COVID RC4,613
SJAMESON,KMANE,2021-08-06T10:14:50.2180410+10:00,2021-08-06T10:15:04.3187433+10:00,101010883,682630989,1,True,14100,True,CF:18:EC:20:46:BD,1871,True,0,True,0,3084,2909,5827,4680,9964,3248,10296,2064,396,6617,6977,6,True,7347,True,2307,True,-53,CF:18:EC:20:46:BD,750,True,3251,4916,5136,594,True,605,True,CovidHomeAg,4,N/A ,21192-474,Sponsored,2022-08-31,89.1.608,F1000227 COVID RC4,611
SJAMESON,KMANE,2021-08-06T10:14:52.0621088+10:00,2021-08-06T10:15:06.4394628+10:00,101010909,682051906,2,True,14377,True,F3:60:42:C3:BC:56,1879,True,0,True,0,3016,2670,5736,4240,5009,3232,10106,2058,394,7416,7248,15,True,7488,True,2310,True,-51,F3:60:42:C3:BC:56,823,True,3100,5107,5485,634,True,609,True,CovidHomeAg,4,N/A ,21192-474,Sponsored,2022-08-31,89.1.608,F1000227 COVID RC4,613
SJAMESON,KMANE,2021-08-06T10:14:54.3613635+10:00,2021-08-06T10:15:09.3161393+10:00,101010885,682581923,3,True,14954,True,C5:A0:15:23:57:9F,2031,True,0,True,0,3120,2932,5892,4803,10949,3243,9948,2048,653,7170,7669,21,True,7511,True,2418,True,-53,C5:A0:15:23:57:9F,1266,True,3101,4759,4918,435,True,623,True,CovidHomeAg,4,N/A ,21192-474,Sponsored,2022-08-31,89.1.608,F1000227 COVID RC4,643
SJAMESON,KMANE,2021-08-06T10:14:56.8776345+10:00,2021-08-06T10:15:11.2397588+10:00,184820979,682449290,4,True,14362,True,C4:E9:6A:22:4D:84,1711,True,0,True,0,3166,3043,6036,5050,8639,3227,8420,2064,579,7440,7154,55,True,7593,True,2332,True,-53,C4:E9:6A:22:4D:84,1258,True,3276,5015,5449,183,True,610,True,CovidHomeAg,4,N/A ,21192-474,Sponsored,2022-08-31,89.1.608,F1000227 COVID RC4,613
SJAMESON,KMANE,2021-08-06T10:15:09.6919546+10:00,2021-08-06T10:15:24.1831362+10:00,101010903,682630989,1,True,14491,True,F4:DE:C0:54:07:EF,1790,True,0,True,0,3117,2963,5881,4857,7300,3238,11564,2026,392,6832,6871,51,True,7423,True,2407,True,-54,F4:DE:C0:54:07:EF,923,True,3232,5125,5596,329,True,616,True,CovidHomeAg,4,N/A ,21192-474,Sponsored,2022-08-31,89.1.608,F1000227 COVID RC4,939
SJAMESON,KMANE,2021-08-06T10:15:12.7412808+10:00,2021-08-06T10:15:27.0169540+10:00,101010848,682051906,2,True,14275,True,D2:5D:C5:84:03:6D,1824,True,0,True,0,3120,2994,5865,4873,5740,3195,10862,2037,71,8006,8526,53,True,7503,True,2370,True,-55,D2:5D:C5:84:03:6D,884,True,3300,4944,5044,407,True,617,True,CovidHomeAg,4,N/A ,21192-474,Sponsored,2022-08-31,89.1.608,F1000227 COVID RC4,611
SJAMESON,KMANE,2021-08-06T10:15:17.7526245+10:00,2021-08-06T10:15:31.9653732+10:00,101010873,682581923,3,True,14212,True,D4:69:C1:45:3D:B4,1835,True,0,True,0,3133,3001,5892,4830,9600,3216,10321,1967,47,7223,6829,14,True,7490,True,2327,True,-52,D4:69:C1:45:3D:B4,1098,True,3132,4862,5091,218,True,609,True,CovidHomeAg,4,N/A ,21192-474,Sponsored,2022-08-31,89.1.608,F1000227 COVID RC4,612
SJAMESON,KMANE,2021-08-06T10:15:20.5663357+10:00,2021-08-06T10:15:34.7776548+10:00,101010876,682449290,4,True,14210,True,DC:3E:CB:39:90:82,1861,True,0,True,0,3108,2946,5838,4744,9411,3227,10838,2005,179,7799,7996,19,True,7464,True,2312,True,-52,DC:3E:CB:39:90:82,873,True,3198,4862,5344,449,True,608,True,CovidHomeAg,4,N/A ,21192-474,Sponsored,2022-08-31,89.1.608,F1000227 COVID RC4,614
SJAMESON,KMANE,2021-08-06T10:15:28.6401202+10:00,2021-08-06T10:15:42.8882624+10:00,184820949,682630989,1,True,14248,True,D5:CF:09:83:A4:7C,1851,True,0,True,0,3142,2999,5886,4830,8849,3147,7604,2005,51,8689,7640,6,True,7532,True,2283,True,-53,D5:CF:09:83:A4:7C,957,True,3216,5023,5162,391,True,610,True,CovidHomeAg,4,N/A ,21192-474,Sponsored,2022-08-31,89.1.608,F1000227 COVID RC4,613
SJAMESON,KMANE,2021-08-06T10:15:31.7011878+10:00,2021-08-06T10:15:45.9338608+10:00,134540112,682051906,2,True,14232,True,E2:8E:6F:41:87:02,1861,True,0,True,0,3157,3025,6047,4996,4826,3200,9988,2069,540,8071,8535,14,True,7481,True,2387,True,-52,E2:8E:6F:41:87:02,811,True,3198,4989,5148,435,True,618,True,CovidHomeAg,4,N/A ,21192-474,Sponsored,2022-08-31,89.1.608,F1000227 COVID RC4,614
SJAMESON,KMANE,2021-08-06T10:15:34.8702080+10:00,2021-08-06T10:15:49.7489069+10:00,101010911,682581923,3,True,14878,True,FC:94:C7:C7:1D:69,1906,True,0,True,0,3135,3003,5924,4878,5902,3173,10552,2037,164,6712,6806,13,True,7485,True,2378,True,-51,FC:94:C7:C7:1D:69,1245,True,3212,4855,5252,585,True,636,True,CovidHomeAg,4,N/A ,21192-474,Sponsored,2022-08-31,89.1.608,F1000227 COVID RC4,614
SJAMESON,KMANE,2021-08-06T10:15:38.3288432+10:00,2021-08-06T10:15:52.4490041+10:00,101010861,682449290,4,True,14120,True,C8:4A:04:A9:E1:E3,1674,True,0,True,0,3161,3033,6010,4953,9804,3259,8797,2133,979,7036,6970,53,True,7507,True,2413,True,-52,C8:4A:04:A9:E1:E3,757,True,3357,4955,5018,456,True,610,True,CovidHomeAg,4,N/A ,21192-474,Sponsored,2022-08-31,89.1.608,F1000227 COVID RC4,643
SJAMESON,KMANE,2021-08-06T10:15:46.6177091+10:00,2021-08-06T10:16:00.7559447+10:00,117774135,682630989,1,True,14138,True,DC:39:88:CD:89:8A,1862,True,0,True,0,3103,2946,5902,4868,4432,3206,8872,2005,242,7205,6713,13,True,7390,True,2305,True,-53,DC:39:88:CD:89:8A,890,True,3371,5155,5579,440,True,620,True,CovidHomeAg,4,N/A ,21192-474,Sponsored,2022-08-31,89.1.608,F1000227 COVID RC4,611
SJAMESON,KMANE,2021-08-06T10:15:49.9363973+10:00,2021-08-06T10:16:04.2714773+10:00,101010902,682051906,2,True,14335,True,FB:9F:DC:EC:4A:B8,1817,True,0,True,0,3164,3025,5967,4948,10906,3297,7863,2031,679,7137,6775,52,True,7455,True,2411,True,-53,FB:9F:DC:EC:4A:B8,827,True,3169,4838,5320,505,True,614,True,CovidHomeAg,4,N/A ,21192-474,Sponsored,2022-08-31,89.1.608,F1000227 COVID RC4,643
SJAMESON,KMANE,2021-08-06T10:15:53.3451927+10:00,2021-08-06T10:16:07.8221210+10:00,184820986,682581923,3,True,14476,True,C8:47:BF:EC:7A:85,1767,True,0,True,0,3135,2992,5929,4878,11111,3206,12013,2031,160,7540,7689,6,True,7447,True,2305,True,-53,C8:47:BF:EC:7A:85,837,True,3225,4842,5321,599,True,619,True,CovidHomeAg,4,N/A ,21192-474,Sponsored,2022-08-31,89.1.608,F1000227 COVID RC4,887
SJAMESON,KMANE,2021-08-06T10:15:57.2352910+10:00,2021-08-06T10:16:11.7361938+10:00,134540136,682449290,4,True,14500,True,DA:96:F3:05:F0:94,1978,True,0,True,0,3134,2990,5902,4916,8548,3147,6763,2010,211,7434,7808,33,True,7473,True,2413,True,-51,DA:96:F3:05:F0:94,788,True,3176,4965,5149,547,True,615,True,CovidHomeAg,4,N/A ,21192-474,Sponsored,2022-08-31,89.1.608,F1000227 COVID RC4,644
SJAMESON,KMANE,2021-08-06T10:16:04.4970723+10:00,2021-08-06T10:16:19.4442089+10:00,184820958,682630989,1,True,14947,True,D4:3E:20:C5:84:E0,2002,True,0,True,0,3154,3023,5956,4969,6474,3195,10408,2026,137,7259,7123,48,True,7526,True,2408,True,-53,D4:3E:20:C5:84:E0,1307,True,3369,5113,5547,385,True,621,True,CovidHomeAg,4,N/A ,21192-474,Sponsored,2022-08-31,89.1.608,F1000227 COVID RC4,643
SJAMESON,KMANE,2021-08-06T10:16:07.5928012+10:00,2021-08-06T10:16:23.4943083+10:00,101010865,682051906,2,True,15900,True,ED:04:C3:75:17:73,2089,True,0,True,0,3100,2939,5897,4809,6344,3189,9170,2069,418,6965,7153,51,True,8827,True,2416,True,-53,ED:04:C3:75:17:73,883,True,3298,4919,5402,367,True,618,True,CovidHomeAg,4,N/A ,21192-474,Sponsored,2022-08-31,89.1.608,F1000227 COVID RC4,642
SJAMESON,KMANE,2021-08-06T10:16:10.7219011+10:00,2021-08-06T10:16:25.9380684+10:00,117774126,682581923,3,True,15216,True,EA:76:1B:37:9A:4A,2302,True,0,True,0,3141,2991,5967,4943,9937,3206,10222,2096,637,7693,7350,6,True,7980,True,2404,True,-50,EA:76:1B:37:9A:4A,882,True,3212,4834,4957,362,True,625,True,CovidHomeAg,4,N/A ,21192-474,Sponsored,2022-08-31,89.1.608,F1000227 COVID RC4,645
SJAMESON,KMANE,2021-08-06T10:16:14.7609064+10:00,2021-08-06T10:16:29.2226988+10:00,184820965,682449290,4,True,14461,True,F9:5B:74:F7:AF:F7,1863,True,0,True,0,3156,3021,5977,4953,6036,3189,9777,2037,246,7282,7425,8,True,7703,True,2397,True,-52,F9:5B:74:F7:AF:F7,1088,True,3244,5070,5491,176,True,609,True,CovidHomeAg,4,N/A ,21192-474,Sponsored,2022-08-31,89.1.608,F1000227 COVID RC4,611
SJAMESON,KMANE,2021-08-06T10:16:22.6888300+10:00,2021-08-06T10:16:36.8992760+10:00,184820948,682630989,1,True,14210,True,C4:21:AB:B9:7E:DC,1789,True,0,True,0,3114,2942,5827,4739,8882,3173,9178,1967,133,9240,9019,57,True,7476,True,2400,True,-53,C4:21:AB:B9:7E:DC,966,True,3228,5082,5473,275,True,617,True,CovidHomeAg,4,N/A ,21192-474,Sponsored,2022-08-31,89.1.608,F1000227 COVID RC4,623
SJAMESON,KMANE,2021-08-06T10:16:27.0237503+10:00,2021-08-06T10:16:41.2471591+10:00,117774093,682051906,2,True,14223,True,E7:A6:D0:BB:3D:D2,1859,True,0,True,0,3121,2954,5892,4793,5805,3200,7580,2069,234,7327,7320,12,True,7459,True,2395,True,-52,E7:A6:D0:BB:3D:D2,844,True,3291,5005,5466,418,True,609,True,CovidHomeAg,4,N/A ,21192-474,Sponsored,2022-08-31,89.1.608,F1000227 COVID RC4,615
SJAMESON,KMANE,2021-08-06T10:16:30.7796622+10:00,2021-08-06T10:16:44.8726593+10:00,184820967,682581923,3,True,14092,True,F3:C1:A1:44:AE:B4,1906,True,0,True,0,3143,3026,5972,4975,9398,3238,9425,2053,493,7090,7479,14,True,7409,True,2305,True,-52,F3:C1:A1:44:AE:B4,805,True,3300,4844,5280,425,True,611,True,CovidHomeAg,4,N/A ,21192-474,Sponsored,2022-08-31,89.1.608,F1000227 COVID RC4,611
SJAMESON,KMANE,2021-08-06T10:16:36.0758912+10:00,2021-08-06T10:16:50.8253949+10:00,117774106,682449290,4,True,14749,True,ED:08:73:53:83:0F,1845,True,0,True,0,3120,2962,5918,4846,11467,3243,8933,2048,513,7041,6820,8,True,7482,True,2408,True,-52,ED:08:73:53:83:0F,1585,True,3232,4928,5007,146,True,649,True,CovidHomeAg,4,N/A ,21192-474,Sponsored,2022-08-31,89.1.608,F1000227 COVID RC4,620
SJAMESON,KMANE,2021-08-06T10:16:45.2690899+10:00,2021-08-06T10:16:59.6417602+10:00,101010912,682630989,1,True,14372,True,F7:3C:F7:C6:B0:DA,1908,True,0,True,0,3136,2984,5940,4868,4099,3206,9369,1999,400,6977,7366,21,True,7401,True,2412,True,-54,F7:3C:F7:C6:B0:DA,799,True,3303,4891,5095,549,True,630,True,CovidHomeAg,4,N/A ,21192-474,Sponsored,2022-08-31,89.1.608,F1000227 COVID RC4,643
SJAMESON,KMANE,2021-08-06T10:16:49.6533096+10:00,2021-08-06T10:17:03.9032883+10:00,101010871,682051906,2,True,14249,True,C6:7E:E2:EE:A8:C0,1824,True,0,True,0,3154,3021,5972,4916,7633,3275,8577,2021,222,7331,7270,17,True,7501,True,2388,True,-53,C6:7E:E2:EE:A8:C0,1088,True,3105,4952,5068,164,True,612,True,CovidHomeAg,4,N/A ,21192-474,Sponsored,2022-08-31,89.1.608,F1000227 COVID RC4,645
SJAMESON,KMANE,2021-08-06T10:16:56.4146957+10:00,2021-08-06T10:17:05.2947857+10:00,117774110,682449290,4,False,8880,True,F5:82:7F:8D:A9:5D,1913,True,0,True,0,3140,2981,5892,4846,10868,3157,11198,2048,319,6691,7060,21,False,6944
SJAMESON,KMANE,2021-08-06T10:16:52.9828098+10:00,2021-08-06T10:17:07.1415227+10:00,101010880,682581923,3,True,14158,True,C6:A1:1C:CC:2C:7C,1818,True,0,True,0,3129,2988,5865,4755,7431,3227,8377,2015,104,6251,6476,53,True,7432,True,2275,True,-52,C6:A1:1C:CC:2C:7C,935,True,3146,4877,5389,389,True,633,True,CovidHomeAg,4,N/A ,21192-474,Sponsored,2022-08-31,89.1.608,F1000227 COVID RC4,613
SJAMESON,KMANE,2021-08-06T10:17:04.0491964+10:00,2021-08-06T10:17:19.1918513+10:00,134540125,682630989,1,True,15142,True,F0:75:F2:0B:8C:57,1918,True,0,True,0,3012,2942,5661,4766,5289,3216,8450,2042,371,6743,7267,9,True,8152,True,2408,True,-54,F0:75:F2:0B:8C:57,748,True,3276,4929,5016,640,True,613,True,CovidHomeAg,4,N/A ,21192-474,Sponsored,2022-08-31,89.1.608,F1000227 COVID RC4,643
SJAMESON,KMANE,2021-08-06T10:17:07.4389686+10:00,2021-08-06T10:17:21.5044520+10:00,117774124,682051906,2,True,14065,True,EB:71:BE:6D:24:3A,1763,True,0,True,0,3140,2995,5956,4900,8625,3211,9804,2085,499,7448,7834,18,True,7424,True,2377,True,-53,EB:71:BE:6D:24:3A,858,True,3275,4998,5439,398,True,610,True,CovidHomeAg,4,N/A ,21192-474,Sponsored,2022-08-31,89.1.608,F1000227 COVID RC4,612
SJAMESON,KMANE,2021-08-06T10:17:12.2210158+10:00,2021-08-06T10:17:26.2554619+10:00,134540138,682581923,3,True,14034,True,D7:94:54:2C:26:DB,1676,True,0,True,0,3157,3037,5956,4996,8143,3211,10778,2058,204,7651,7853,59,True,7445,True,2306,True,-53,D7:94:54:2C:26:DB,1025,True,3260,4888,4952,290,True,609,True,CovidHomeAg,4,N/A ,21192-474,Sponsored,2022-08-31,89.1.608,F1000227 COVID RC4,613
SJAMESON,KMANE,2021-08-06T10:18:26.9822536+10:00,2021-08-06T10:18:31.4275374+10:00,16780901,682449290,4,True,4445,True,D9:6B:F7:45:78:6C,2047,True,15,True,6,3046,2917,5736,4712,11101,3147,11784,2037,94,6565,6859,15,True,17,True,53,True,-51,D9:6B:F7:45:78:6C,824,True,3337,4952,5375,200,True,618,True,CovidHomeAg,4,N/A ,21192-474,Sponsored,2022-08-31,89.1.608,F1000227 COVID RC4,644
SJAMESON,KMANE,2021-08-06T10:18:17.6353448+10:00,2021-08-06T10:18:31.6801533+10:00,117774110,682630989,1,True,14044,True,F5:82:7F:8D:A9:5D,1755,True,0,True,0,3130,2986,5886,4878,11156,3179,11247,2048,295,6671,7046,10,True,7396,True,2376,True,-54,F5:82:7F:8D:A9:5D,860,True,3312,4988,5111,411,True,617,True,CovidHomeAg,4,N/A ,21192-474,Sponsored,2022-08-31,89.1.608,F1000227 COVID RC4,612
SJAMESON,KMANE,2021-08-06T10:18:22.4986156+10:00,2021-08-06T10:18:36.7816807+10:00,101010913,682051906,2,True,14283,True,D8:B8:C6:37:7F:1A,1791,True,0,True,0,3031,2662,5747,4181,6661,3222,9666,2053,375,7077,7434,15,True,7596,True,2347,True,-52,D8:B8:C6:37:7F:1A,1132,True,3187,5046,5188,172,True,610,True,CovidHomeAg,4,N/A ,21192-474,Sponsored,2022-08-31,89.1.608,F1000227 COVID RC4,612
SJAMESON,KMANE,2021-08-06T10:18:24.6078842+10:00,2021-08-06T10:18:39.9420427+10:00,117774101,682581923,3,True,15334,True,FB:39:71:39:EC:EC,1935,True,0,True,0,3136,2975,5892,4798,4888,3254,8915,2026,319,6537,6427,6,True,7461,True,2277,True,-52,FB:39:71:39:EC:EC,2236,True,3185,4893,5023,193,True,607,True,CovidHomeAg,4,N/A ,21192-474,Sponsored,2022-08-31,89.1.608,F1000227 COVID RC4,613
SJAMESON,KMANE,2021-08-06T10:18:35.6268772+10:00,2021-08-06T10:18:49.7849550+10:00,101010835,682630989,1,True,14158,True,EB:40:FD:AF:81:EE,1807,True,0,True,0,3113,2968,5886,4787,7892,3168,9430,1994,277,7658,8174,50,True,7395,True,2398,True,-53,EB:40:FD:AF:81:EE,816,True,3242,5066,5225,429,True,612,True,CovidHomeAg,4,N/A ,21192-474,Sponsored,2022-08-31,89.1.608,F1000227 COVID RC4,641
SJAMESON,KMANE,2021-08-06T10:18:40.3100518+10:00,2021-08-06T10:18:54.5222257+10:00,117774097,682051906,2,True,14212,True,D0:66:E2:68:C0:4B,1697,True,0,True,0,3125,2984,5918,4889,10021,3211,10193,2053,376,7229,7336,47,True,7592,True,2349,True,-53,D0:66:E2:68:C0:4B,1004,True,3266,4955,5382,294,True,610,True,CovidHomeAg,4,N/A ,21192-474,Sponsored,2022-08-31,89.1.608,F1000227 COVID RC4,612
SJAMESON,KMANE,2021-08-06T10:18:44.0445238+10:00,2021-08-06T10:18:58.5012455+10:00,117774118,682581923,3,True,14456,True,DC:4C:D2:2C:13:4C,1673,True,0,True,0,3097,2865,5886,4632,9706,3259,8965,2058,129,6516,6885,60,True,7586,True,2313,True,-52,DC:4C:D2:2C:13:4C,878,True,3185,4893,5050,441,True,608,True,CovidHomeAg,4,N/A ,21192-474,Sponsored,2022-08-31,89.1.608,F1000227 COVID RC4,889
SJAMESON,KMANE,2021-08-06T10:18:54.6713034+10:00,2021-08-06T10:18:59.0794200+10:00,101010917,682630989,1,True,4408,True,C8:B2:0E:6B:76:C0,1955,True,0,True,0,3054,2808,5779,4530,10668,3227,10576,2053,348,9371,8744,54,True,17,True,53,True,-54,C8:B2:0E:6B:76:C0,863,True,3217,4906,5145,204,True,616,True,CovidHomeAg,4,N/A ,21192-474,Sponsored,2022-08-31,89.1.608,F1000227 COVID RC4,640
SJAMESON,KMANE,2021-08-06T10:18:48.5590727+10:00,2021-08-06T10:19:08.0569629+10:00,101010916,682449290,4,False,19497,True,E4:5C:99:F9:B2:FE,1817,True,0,True,0,3101,2910,5795,4648,7371,3195,8284,2031,168,6902,7069,211,False,17468
SJAMESON,KMANE,2021-08-06T10:18:58.2724140+10:00,2021-08-06T10:19:12.8313141+10:00,184820990,682051906,2,True,14558,True,E6:1C:40:64:B6:8B,2031,True,0,True,0,3082,2835,5854,4583,7136,3184,11380,2080,608,6591,6692,138,True,7466,True,2400,True,-52,E6:1C:40:64:B6:8B,885,True,3305,4907,5064,372,True,613,True,CovidHomeAg,4,N/A ,21192-474,Sponsored,2022-08-31,89.1.608,F1000227 COVID RC4,643
SJAMESON,KMANE,2021-08-06T10:25:27.2576813+10:00,2021-08-06T10:25:41.5798404+10:00,117774145,682630989,1,True,14322,True,C1:BE:B3:D1:A2:24,1684,True,0,True,0,3120,2963,5897,4819,11460,3195,7680,2048,154,7970,7809,62,True,7442,True,2278,True,-53,C1:BE:B3:D1:A2:24,869,True,3382,5007,5116,746,True,609,True,CovidHomeAg,4,N/A ,21192-474,Sponsored,2022-08-31,89.1.608,F1000227 COVID RC4,619
SJAMESON,KMANE,2021-08-06T10:25:29.1378959+10:00,2021-08-06T10:25:43.2890475+10:00,184820955,682051906,2,True,14151,True,E0:91:C3:99:66:B2,1746,True,0,True,0,3125,2977,5897,4787,9697,3168,10272,1989,15,7301,7801,15,True,7420,True,2383,True,-52,E0:91:C3:99:66:B2,957,True,3380,4978,5443,399,True,612,True,CovidHomeAg,4,N/A ,21192-474,Sponsored,2022-08-31,89.1.608,F1000227 COVID RC4,611
SJAMESON,KMANE,2021-08-06T10:25:31.0440280+10:00,2021-08-06T10:25:45.7547983+10:00,184820972,682581923,3,True,14710,True,C3:0D:BD:47:80:C6,1813,True,0,True,0,3109,2949,5817,4798,5466,3147,9394,2031,111,7035,7076,49,True,7482,True,2412,True,-52,C3:0D:BD:47:80:C6,1373,True,3271,4905,5314,320,True,613,True,CovidHomeAg,4,N/A ,21192-474,Sponsored,2022-08-31,89.1.608,F1000227 COVID RC4,642
SJAMESON,KMANE,2021-08-06T10:25:33.1672368+10:00,2021-08-06T10:25:47.6638568+10:00,101010850,682449290,4,True,14496,True,EB:B7:AC:78:4B:C9,1911,True,0,True,0,3113,2973,5838,4846,4260,3179,9355,1983,4,8105,8690,6,True,7615,True,2332,True,-52,EB:B7:AC:78:4B:C9,1190,True,3219,4881,4982,201,True,617,True,CovidHomeAg,4,N/A ,21192-474,Sponsored,2022-08-31,89.1.608,F1000227 COVID RC4,614
SJAMESON,KMANE,2021-08-06T10:25:45.0674211+10:00,2021-08-06T10:25:59.0645055+10:00,101010847,682630989,1,True,13997,True,DD:2D:87:53:9E:28,1922,True,0,True,0,3130,2979,5913,4884,9771,3356,11302,2053,634,6505,7096,16,True,7397,True,2309,True,-52,DD:2D:87:53:9E:28,732,True,3189,4914,5053,388,True,607,True,CovidHomeAg,4,N/A ,21192-474,Sponsored,2022-08-31,89.1.608,F1000227 COVID RC4,615
SJAMESON,KMANE,2021-08-06T10:25:48.1838611+10:00,2021-08-06T10:26:03.0385414+10:00,101010870,682051906,2,True,14854,True,F0:3D:DF:40:FB:ED,1898,True,0,True,0,3123,2960,5918,4873,9549,3259,10623,2048,464,7310,7426,12,True,7561,True,2408,True,-52,F0:3D:DF:40:FB:ED,1295,True,3266,4937,5032,413,True,614,True,CovidHomeAg,4,N/A ,21192-474,Sponsored,2022-08-31,89.1.608,F1000227 COVID RC4,645
SJAMESON,KMANE,2021-08-06T10:25:51.1061225+10:00,2021-08-06T10:26:05.5790810+10:00,134540142,682581923,3,True,14472,True,D8:F6:64:34:71:B0,1975,True,0,True,0,3040,2778,5720,4412,6883,3131,11559,2026,29,7193,7179,51,True,7427,True,2478,True,-51,D8:F6:64:34:71:B0,947,True,3167,4958,4963,318,True,621,True,CovidHomeAg,4,N/A ,21192-474,Sponsored,2022-08-31,89.1.608,F1000227 COVID RC4,644
SJAMESON,KMANE,2021-08-06T10:25:54.0079157+10:00,2021-08-06T10:26:08.2079698+10:00,184820966,682449290,4,True,14200,True,EB:BE:64:11:F4:4C,1910,True,0,True,0,3142,2997,5908,4841,5670,3206,9772,2069,298,6608,6309,6,True,7372,True,2321,True,-52,EB:BE:64:11:F4:4C,1205,True,3289,5012,5459,149,True,617,True,CovidHomeAg,4,N/A ,21192-474,Sponsored,2022-08-31,89.1.608,F1000227 COVID RC4,613
SJAMESON,KMANE,2021-08-06T10:26:02.5500388+10:00,2021-08-06T10:26:16.8631545+10:00,184820991,682630989,1,True,14313,True,DE:3B:F2:99:B6:95,1805,True,0,True,0,3168,3036,5993,5002,6467,3222,10224,2123,652,7282,7672,57,True,7447,True,2308,True,-54,DE:3B:F2:99:B6:95,832,True,3312,4948,5386,631,True,608,True,CovidHomeAg,4,N/A ,21192-474,Sponsored,2022-08-31,89.1.608,F1000227 COVID RC4,613
SJAMESON,KMANE,2021-08-06T10:26:06.3249938+10:00,2021-08-06T10:26:20.7166977+10:00,134540074,682051906,2,True,14391,True,EB:58:93:BF:48:7D,1930,True,0,True,0,3092,2888,5822,4589,4554,3189,9618,2005,36,6923,6995,11,True,7513,True,2491,True,-51,EB:58:93:BF:48:7D,808,True,3246,5020,5098,370,True,618,True,CovidHomeAg,4,N/A ,21192-474,Sponsored,2022-08-31,89.1.608,F1000227 COVID RC4,644
SJAMESON,KMANE,2021-08-06T10:26:10.2033026+10:00,2021-08-06T10:26:24.4723478+10:00,134540097,682581923,3,True,14269,True,EB:D1:DB:A2:AE:07,1785,True,0,True,0,3142,3001,5859,4868,5259,3104,8359,1983,3,6862,6891,47,True,7439,True,2401,True,-52,EB:D1:DB:A2:AE:07,1126,True,3185,4898,4979,207,True,615,True,CovidHomeAg,4,N/A ,21192-474,Sponsored,2022-08-31,89.1.608,F1000227 COVID RC4,642
SJAMESON,KMANE,2021-08-06T10:26:13.2658454+10:00,2021-08-06T10:26:27.4809043+10:00,201547781,682449290,4,True,14215,True,D0:6C:64:DA:26:AD,1862,True,0,True,0,3178,3046,6042,5034,6232,3265,8885,2096,907,8119,7572,51,True,7454,True,2375,True,-52,D0:6C:64:DA:26:AD,774,True,3280,4957,5355,472,True,609,True,CovidHomeAg,4,N/A ,21192-474,Sponsored,2022-08-31,89.1.608,F1000227 COVID RC4,611
SJAMESON,KMANE,2021-08-06T10:26:20.3742475+10:00,2021-08-06T10:26:34.7168991+10:00,184820944,682630989,1,True,14342,True,D7:3B:62:47:09:6F,1883,True,0,True,0,3105,2917,5934,4776,9300,3222,5451,2074,411,7002,6648,54,True,7554,True,2412,True,-54,D7:3B:62:47:09:6F,1021,True,3287,5013,5579,152,True,611,True,CovidHomeAg,4,N/A ,21192-474,Sponsored,2022-08-31,89.1.608,F1000227 COVID RC4,644
SJAMESON,KMANE,2021-08-06T10:26:23.7517802+10:00,2021-08-06T10:26:38.0630155+10:00,184820975,682051906,2,True,14311,True,D9:15:7A:1A:A5:90,1890,True,0,True,0,3120,2963,5897,4819,10132,3168,11441,2005,89,7392,6878,57,True,7436,True,2404,True,-52,D9:15:7A:1A:A5:90,1011,True,3307,4991,5430,232,True,624,True,CovidHomeAg,4,N/A ,21192-474,Sponsored,2022-08-31,89.1.608,F1000227 COVID RC4,644
SJAMESON,KMANE,2021-08-06T10:26:27.4350268+10:00,2021-08-06T10:26:41.5171647+10:00,101010905,682581923,3,True,14082,True,CA:DB:02:68:BB:F0,1755,True,0,True,0,3142,2994,5918,4841,4039,3222,9258,2074,359,8206,8170,17,True,7432,True,2387,True,-52,CA:DB:02:68:BB:F0,932,True,3073,4809,5300,323,True,616,True,CovidHomeAg,4,N/A ,21192-474,Sponsored,2022-08-31,89.1.608,F1000227 COVID RC4,613
SJAMESON,KMANE,2021-08-06T10:26:30.2756176+10:00,2021-08-06T10:26:44.8052889+10:00,134540141,682449290,4,True,14529,True,EB:A9:7E:14:67:57,1933,True,0,True,0,3145,3026,5918,4916,4557,3125,8719,2026,29,7261,7571,9,True,7537,True,2412,True,-52,EB:A9:7E:14:67:57,1175,True,3228,5007,5057,202,True,613,True,CovidHomeAg,4,N/A ,21192-474,Sponsored,2022-08-31,89.1.608,F1000227 COVID RC4,641
SJAMESON,KMANE,2021-08-06T10:26:37.9761216+10:00,2021-08-06T10:26:52.2618124+10:00,201547671,682630989,1,True,14285,True,CD:F7:FE:41:3E:87,1771,True,0,True,0,3132,2983,5908,4862,5506,3222,9972,2048,293,6996,7092,52,True,7606,True,2297,True,-53,CD:F7:FE:41:3E:87,972,True,3555,4902,4975,360,True,606,True,CovidHomeAg,4,N/A ,21192-474,Sponsored,2022-08-31,89.1.608,F1000227 COVID RC4,612
SJAMESON,KMANE,2021-08-06T10:26:41.1282572+10:00,2021-08-06T10:26:55.4447658+10:00,101010826,682051906,2,True,14316,True,D2:38:AF:B4:42:CA,1826,True,0,True,0,3129,2977,5929,4841,8882,3216,11683,2053,478,8197,7837,9,True,7499,True,2331,True,-52,D2:38:AF:B4:42:CA,789,True,3305,5016,5021,632,True,613,True,CovidHomeAg,4,N/A ,21192-474,Sponsored,2022-08-31,89.1.608,F1000227 COVID RC4,609
SJAMESON,KMANE,2021-08-06T10:26:44.4340923+10:00,2021-08-06T10:26:58.6155792+10:00,184820981,682581923,3,True,14181,True,E8:12:50:AF:A7:6A,1725,True,0,True,0,3126,2975,5929,4862,4028,3216,8327,2053,580,6755,7296,6,True,7572,True,2295,True,-53,E8:12:50:AF:A7:6A,966,True,3212,4873,5293,382,True,616,True,CovidHomeAg,4,N/A ,21192-474,Sponsored,2022-08-31,89.1.608,F1000227 COVID RC4,611
SJAMESON,KMANE,2021-08-06T10:26:47.8711378+10:00,2021-08-06T10:27:02.2672350+10:00,134540115,682449290,4,True,14396,True,C8:F5:54:88:D0:CE,1839,True,0,True,0,3165,3044,5967,5007,4762,3173,9487,2053,216,7305,7846,7,True,7543,True,2411,True,-52,C8:F5:54:88:D0:CE,944,True,3214,4921,4969,388,True,614,True,CovidHomeAg,4,N/A ,21192-474,Sponsored,2022-08-31,89.1.608,F1000227 COVID RC4,641
SJAMESON,KMANE,2021-08-06T10:26:55.7346456+10:00,2021-08-06T10:27:10.1118851+10:00,101010881,682630989,1,True,14377,True,FC:93:0C:87:5D:44,1928,True,0,True,0,3140,2997,5951,4889,5222,3275,10750,2010,255,6860,7033,25,True,7430,True,2399,True,-53,FC:93:0C:87:5D:44,938,True,3280,4945,5207,394,True,614,True,CovidHomeAg,4,N/A ,21192-474,Sponsored,2022-08-31,89.1.608,F1000227 COVID RC4,642
SJAMESON,KMANE,2021-08-06T10:26:58.9883862+10:00,2021-08-06T10:27:13.0457899+10:00,117774116,682051906,2,True,14057,True,D5:0E:11:DB:83:95,1769,True,0,True,0,3135,2985,5940,4910,7951,3200,9257,2042,376,6680,6705,54,True,7439,True,2341,True,-53,D5:0E:11:DB:83:95,782,True,3241,4973,5428,428,True,617,True,CovidHomeAg,4,N/A ,21192-474,Sponsored,2022-08-31,89.1.608,F1000227 COVID RC4,615
SJAMESON,KMANE,2021-08-06T10:27:02.0180414+10:00,2021-08-06T10:27:16.2071965+10:00,134540126,682581923,3,True,14189,True,F6:06:F5:C7:86:F5,1856,True,0,True,0,3090,2875,5822,4594,4997,3179,8999,2058,136,6712,7017,48,True,7427,True,2310,True,-54,F6:06:F5:C7:86:F5,920,True,3150,4876,5316,397,True,607,True,CovidHomeAg,4,N/A ,21192-474,Sponsored,2022-08-31,89.1.608,F1000227 COVID RC4,614
SJAMESON,KMANE,2021-08-06T10:27:05.5610066+10:00,2021-08-06T10:27:20.0389252+10:00,134540127,682449290,4,True,14477,True,E1:CA:15:E8:D0:62,1836,True,0,True,0,3115,2960,5865,4771,3986,3173,7784,2026,193,6898,6433,12,True,7469,True,2496,True,-52,E1:CA:15:E8:D0:62,1157,True,3232,4969,5450,210,True,649,True,CovidHomeAg,4,N/A ,21192-474,Sponsored,2022-08-31,89.1.608,F1000227 COVID RC4,644
SJAMESON,KMANE,2021-08-06T10:27:13.6131554+10:00,2021-08-06T10:27:27.9228310+10:00,117774104,682630989,1,True,14309,True,D9:5E:61:6F:F2:4A,1833,True,0,True,0,3117,2964,5929,4873,8683,3222,10916,2031,177,7451,7653,60,True,7387,True,2479,True,-53,D9:5E:61:6F:F2:4A,1084,True,3451,5136,5554,194,True,621,True,CovidHomeAg,4,N/A ,21192-474,Sponsored,2022-08-31,89.1.608,F1000227 COVID RC4,644
SJAMESON,KMANE,2021-08-06T10:27:16.7863074+10:00,2021-08-06T10:27:31.1248466+10:00,101010910,682051906,2,True,14338,True,E5:8A:F6:63:07:0C,1877,True,0,True,0,3138,2999,5902,4900,8399,3157,8649,2042,74,6862,6712,53,True,7566,True,2276,True,-52,E5:8A:F6:63:07:0C,1086,True,3212,5000,5441,239,True,617,True,CovidHomeAg,4,N/A ,21192-474,Sponsored,2022-08-31,89.1.608,F1000227 COVID RC4,613
SJAMESON,KMANE,2021-08-06T10:27:20.0628594+10:00,2021-08-06T10:27:34.8700363+10:00,101010894,682581923,3,True,14807,True,C4:7E:36:E2:55:E1,2005,True,0,True,0,3084,2874,5854,4669,8878,3211,10581,2005,179,6950,7175,16,True,7430,True,2406,True,-52,C4:7E:36:E2:55:E1,1345,True,3200,4885,4969,341,True,614,True,CovidHomeAg,4,N/A ,21192-474,Sponsored,2022-08-31,89.1.608,F1000227 COVID RC4,642
SJAMESON,KMANE,2021-08-06T10:27:23.3443854+10:00,2021-08-06T10:27:37.8492024+10:00,101010878,682449290,4,True,14504,True,F0:8D:78:DD:15:10,1864,True,0,True,0,3118,2939,5902,4803,8486,3248,7624,2026,346,7878,8458,56,True,7554,True,2414,True,-52,F0:8D:78:DD:15:10,792,True,3173,4889,5025,542,True,617,True,CovidHomeAg,4,N/A ,21192-474,Sponsored,2022-08-31,89.1.608,F1000227 COVID RC4,653
SJAMESON,KMANE,2021-08-06T10:27:31.4227201+10:00,2021-08-06T10:27:45.5322961+10:00,134540130,682630989,1,True,14109,True,DC:FA:86:04:F4:4E,1827,True,0,True,0,3078,2988,5865,4889,6640,3238,9756,2069,550,7370,7403,57,True,7392,True,2283,True,-54,DC:FA:86:04:F4:4E,1091,True,3335,5113,5132,233,True,606,True,CovidHomeAg,4,N/A ,21192-474,Sponsored,2022-08-31,89.1.608,F1000227 COVID RC4,613
SJAMESON,KMANE,2021-08-06T10:27:34.4341315+10:00,2021-08-06T10:27:48.8086488+10:00,101010900,682051906,2,True,14374,True,DC:62:74:15:F4:FD,1933,True,0,True,0,3110,2956,5902,4825,9934,3211,9434,2031,493,6849,7190,15,True,7560,True,2339,True,-53,DC:62:74:15:F4:FD,813,True,3169,4929,5047,484,True,611,True,CovidHomeAg,4,N/A ,21192-474,Sponsored,2022-08-31,89.1.608,F1000227 COVID RC4,612
SJAMESON,KMANE,2021-08-06T10:27:37.9962524+10:00,2021-08-06T10:27:52.4752872+10:00,101010896,682581923,3,True,14479,True,E6:7D:F8:B9:A8:8D,1901,True,0,True,0,3113,2955,5859,4744,6180,3216,10927,2021,217,7133,7302,11,True,7644,True,2407,True,-54,E6:7D:F8:B9:A8:8D,1023,True,3048,4719,5210,227,True,615,True,CovidHomeAg,4,N/A ,21192-474,Sponsored,2022-08-31,89.1.608,F1000227 COVID RC4,643
SJAMESON,KMANE,2021-08-06T10:27:41.1421095+10:00,2021-08-06T10:27:55.4112131+10:00,101010879,682449290,4,True,14269,True,F3:F0:C7:C4:82:4A,1871,True,0,True,0,3116,2961,5827,4835,5429,3216,10059,2010,101,7704,7935,57,True,7411,True,2415,True,-52,F3:F0:C7:C4:82:4A,930,True,3178,4922,5334,318,True,614,True,CovidHomeAg,4,N/A ,21192-474,Sponsored,2022-08-31,89.1.608,F1000227 COVID RC4,644
SJAMESON,KMANE,2021-08-06T10:27:49.0374696+10:00,2021-08-06T10:28:03.3718275+10:00,101010830,682630989,1,True,14334,True,E6:17:53:6B:E6:85,1923,True,0,True,0,3140,2991,5929,4819,6810,3168,10405,2064,370,8302,7772,51,True,7527,True,2480,True,-53,E6:17:53:6B:E6:85,650,True,3558,4924,5008,439,True,611,True,CovidHomeAg,4,N/A ,21192-474,Sponsored,2022-08-31,89.1.608,F1000227 COVID RC4,645
SJAMESON,KMANE,2021-08-06T10:27:52.0997655+10:00,2021-08-06T10:28:07.0502322+10:00,101010899,682051906,2,True,14950,True,F0:62:EF:A8:7F:D1,1751,True,0,True,0,3161,3026,5913,4921,7581,3184,9547,1913,42,8036,7944,57,True,7561,True,2312,True,-52,F0:62:EF:A8:7F:D1,1376,True,3175,4942,5007,392,True,606,True,CovidHomeAg,4,N/A ,21192-474,Sponsored,2022-08-31,89.1.608,F1000227 COVID RC4,889
SJAMESON,KMANE,2021-08-06T10:27:55.3891316+10:00,2021-08-06T10:28:09.7758077+10:00,101010829,682581923,3,True,14386,True,D0:5A:33:88:9F:89,1757,True,0,True,0,3102,2938,5865,4755,7050,3168,10089,2048,166,7208,7711,54,True,7708,True,2292,True,-52,D0:5A:33:88:9F:89,894,True,3150,4812,5235,454,True,607,True,CovidHomeAg,4,N/A ,21192-474,Sponsored,2022-08-31,89.1.608,F1000227 COVID RC4,613
SJAMESON,KMANE,2021-08-06T10:28:06.6417068+10:00,2021-08-06T10:28:21.2079850+10:00,101010895,682630989,1,True,14566,True,C3:F7:D3:47:9E:F0,1945,True,0,True,0,3126,2990,5945,4862,8643,3206,10816,2010,200,7428,7538,17,True,7675,True,2399,True,-53,C3:F7:D3:47:9E:F0,1008,True,3235,4918,5159,235,True,627,True,CovidHomeAg,4,N/A ,21192-474,Sponsored,2022-08-31,89.1.608,F1000227 COVID RC4,646
SJAMESON,KMANE,2021-08-06T10:28:10.5447035+10:00,2021-08-06T10:28:25.1258499+10:00,201547776,682051906,2,True,14581,True,EB:DF:2C:44:96:89,1934,True,0,True,0,3038,2745,5699,4369,8683,3195,7178,2005,176,6966,7088,15,True,7619,True,2415,True,-52,EB:DF:2C:44:96:89,944,True,3285,5045,5443,388,True,613,True,CovidHomeAg,4,N/A ,21192-474,Sponsored,2022-08-31,89.1.608,F1000227 COVID RC4,644
SJAMESON,KMANE,2021-08-06T10:28:13.8563426+10:00,2021-08-06T10:28:28.1751543+10:00,184820950,682581923,3,True,14318,True,E4:18:11:0C:BF:CA,1803,True,0,True,0,3156,3031,5956,4900,5563,3200,10618,2042,207,7750,8355,14,True,7577,True,2391,True,-54,E4:18:11:0C:BF:CA,1124,True,3257,4869,5337,152,True,629,True,CovidHomeAg,4,N/A ,21192-474,Sponsored,2022-08-31,89.1.608,F1000227 COVID RC4,621
SJAMESON,KMANE,2021-08-06T10:28:18.6400022+10:00,2021-08-06T10:28:33.0466683+10:00,101010877,682449290,4,True,14406,True,F3:2C:83:BB:DC:12,1884,True,0,True,0,3134,2932,5929,4771,9068,3216,11036,2021,406,6746,6866,6,True,7458,True,2416,True,-52,F3:2C:83:BB:DC:12,890,True,3203,4832,5018,445,True,637,True,CovidHomeAg,4,N/A ,21192-474,Sponsored,2022-08-31,89.1.608,F1000227 COVID RC4,661
SJAMESON,KMANE,2021-08-06T10:28:24.7181125+10:00,2021-08-06T10:28:39.0567736+10:00,134540137,682630989,1,True,14338,True,EA:56:12:13:AF:C8,1945,True,0,True,0,3162,3019,5977,4889,5806,3211,10592,2080,311,7339,7050,13,True,7486,True,2385,True,-53,EA:56:12:13:AF:C8,826,True,3312,4980,5043,433,True,620,True,CovidHomeAg,4,N/A ,21192-474,Sponsored,2022-08-31,89.1.608,F1000227 COVID RC4,623
SJAMESON,KMANE,2021-08-06T10:28:27.9649126+10:00,2021-08-06T10:28:42.2929491+10:00,184820968,682051906,2,True,14328,True,DA:55:3F:59:0C:6A,1901,True,0,True,0,3111,2946,5876,4787,7192,3098,10438,1999,29,7466,7322,49,True,7456,True,2395,True,-53,DA:55:3F:59:0C:6A,920,True,3273,5041,5505,336,True,614,True,CovidHomeAg,4,N/A ,21192-474,Sponsored,2022-08-31,89.1.608,F1000227 COVID RC4,643
SJAMESON,KMANE,2021-08-06T10:28:31.3257312+10:00,2021-08-06T10:28:45.6285042+10:00,134540134,682581923,3,True,14302,True,E1:90:22:B4:C5:8F,1850,True,0,True,0,3094,2888,5827,4675,9159,3173,9366,2048,87,7304,7377,51,True,7459,True,2401,True,-53,E1:90:22:B4:C5:8F,882,True,3228,4913,4952,377,True,633,True,CovidHomeAg,4,N/A ,21192-474,Sponsored,2022-08-31,89.1.608,F1000227 COVID RC4,641
SJAMESON,KMANE,2021-08-06T10:28:45.3474668+10:00,2021-08-06T10:28:47.1815643+10:00,184820945,682051906,2,False,1834,True,C9:67:85:3D:62:88,1822,True,0,False,0,2874,2772,5388,4423,10386,3168,9551,2031,246,6377,6075,11
SJAMESON,KMANE,2021-08-06T10:28:36.3427667+10:00,2021-08-06T10:28:51.0246721+10:00,117774136,682449290,4,True,14681,True,EE:93:AC:F6:4A:47,1879,True,0,True,0,3030,2692,5768,4315,9535,3232,11510,2064,440,6738,7131,52,True,7409,True,2375,True,-52,EE:93:AC:F6:4A:47,1375,True,3275,4905,5385,349,True,618,True,CovidHomeAg,4,N/A ,21192-474,Sponsored,2022-08-31,89.1.608,F1000227 COVID RC4,615
SJAMESON,KMANE,2021-08-06T10:28:42.5456268+10:00,2021-08-06T10:28:56.8009162+10:00,184820942,682630989,1,True,14255,True,F2:B3:A8:47:BD:DC,1915,True,0,True,0,3147,3011,5945,4878,9391,3184,11850,2031,156,7383,7310,23,True,7387,True,2401,True,-53,F2:B3:A8:47:BD:DC,1085,True,3289,4978,5416,167,True,623,True,CovidHomeAg,4,N/A ,21192-474,Sponsored,2022-08-31,89.1.608,F1000227 COVID RC4,644
SJAMESON,KMANE,2021-08-06T10:28:48.5308528+10:00,2021-08-06T10:29:02.7148472+10:00,184820959,682581923,3,True,14183,True,E7:BF:55:77:01:88,1730,True,0,True,0,3138,2984,5913,4878,10343,3216,10587,2048,367,7405,7531,11,True,7487,True,2304,True,-52,E7:BF:55:77:01:88,1221,True,3164,4887,5341,206,True,608,True,CovidHomeAg,4,N/A ,21192-474,Sponsored,2022-08-31,89.1.608,F1000227 COVID RC4,611
SJAMESON,KMANE,2021-08-06T10:28:55.8582327+10:00,2021-08-06T10:29:10.2785242+10:00,117774132,682449290,4,True,14420,True,C0:CC:AE:DE:EB:D6,1930,True,0,True,0,3120,2990,5886,4841,11698,3157,9326,2005,277,6908,6558,14,True,7410,True,2467,True,-52,C0:CC:AE:DE:EB:D6,1139,True,3189,4968,5178,182,True,626,True,CovidHomeAg,4,N/A ,21192-474,Sponsored,2022-08-31,89.1.608,F1000227 COVID RC4,644
SJAMESON,KMANE,2021-08-06T10:29:01.4837296+10:00,2021-08-06T10:29:15.8269087+10:00,134540073,682630989,1,True,14343,True,D6:3A:1C:B2:71:BC,1971,True,0,True,0,3116,2949,5892,4825,4296,3179,11090,2048,376,7843,7533,56,True,7398,True,2408,True,-53,D6:3A:1C:B2:71:BC,1029,True,3380,5075,5134,213,True,619,True,CovidHomeAg,4,N/A ,21192-474,Sponsored,2022-08-31,89.1.608,F1000227 COVID RC4,642
SJAMESON,KMANE,2021-08-06T10:29:04.9065935+10:00,2021-08-06T10:29:19.1489478+10:00,101010818,682051906,2,True,14242,True,C0:C6:80:2A:C1:E7,1850,True,0,True,0,3135,2987,5967,4916,9753,3195,10084,2058,303,7723,7987,10,True,7455,True,2417,True,-52,C0:C6:80:2A:C1:E7,833,True,3344,4956,5029,407,True,619,True,CovidHomeAg,4,N/A ,21192-474,Sponsored,2022-08-31,89.1.608,F1000227 COVID RC4,642
SJAMESON,KMANE,2021-08-06T10:29:08.0844705+10:00,2021-08-06T10:29:22.2756018+10:00,134540119,682581923,3,True,14191,True,CE:E7:FD:27:43:13,1777,True,0,True,0,3070,2818,5784,4471,4288,3163,9436,2037,37,7390,7241,12,True,7534,True,2347,True,-53,CE:E7:FD:27:43:13,933,True,3262,4832,4963,349,True,615,True,CovidHomeAg,4,N/A ,21192-474,Sponsored,2022-08-31,89.1.608,F1000227 COVID RC4,613
SJAMESON,KMANE,2021-08-06T10:29:13.8082550+10:00,2021-08-06T10:29:28.0420726+10:00,134540076,682449290,4,True,14233,True,D8:96:5B:FB:19:31,1820,True,0,True,0,3121,2920,5924,4787,4398,3275,8768,2090,682,6087,6362,53,True,7423,True,2408,True,-52,D8:96:5B:FB:19:31,1096,True,3239,4832,4993,164,True,618,True,CovidHomeAg,4,N/A ,21192-474,Sponsored,2022-08-31,89.1.608,F1000227 COVID RC4,644
SJAMESON,KMANE,2021-08-06T10:29:19.5641587+10:00,2021-08-06T10:29:33.9068402+10:00,134540123,682630989,1,True,14342,True,D8:7A:1B:45:1E:73,1919,True,0,True,0,3123,2970,5876,4739,6323,3147,10392,2048,4,7042,7252,18,True,7488,True,2403,True,-53,D8:7A:1B:45:1E:73,954,True,3326,5045,5177,293,True,614,True,CovidHomeAg,4,N/A ,21192-474,Sponsored,2022-08-31,89.1.608,F1000227 COVID RC4,643
SJAMESON,KMANE,2021-08-06T10:29:22.4374436+10:00,2021-08-06T10:29:36.7702659+10:00,134540114,682051906,2,True,14332,True,FA:77:47:B2:9A:2E,1920,True,0,True,0,3137,2990,5892,4889,5607,3200,9935,1999,59,7025,7228,53,True,7389,True,2419,True,-52,FA:77:47:B2:9A:2E,862,True,3253,5063,5130,415,True,619,True,CovidHomeAg,4,N/A ,21192-474,Sponsored,2022-08-31,89.1.608,F1000227 COVID RC4,645
SJAMESON,KMANE,2021-08-06T10:29:25.7500761+10:00,2021-08-06T10:29:40.7095345+10:00,184820977,682581923,3,True,14959,True,D1:30:C2:BE:59:7D,2039,True,0,True,0,3126,2977,5918,4868,3825,3147,7929,2021,167,7271,6666,8,True,7694,True,2391,True,-53,D1:30:C2:BE:59:7D,1065,True,3153,4802,5275,193,True,625,True,CovidHomeAg,4,N/A ,21192-474,Sponsored,2022-08-31,89.1.608,F1000227 COVID RC4,938
SJAMESON,KMANE,2021-08-06T10:29:31.0928248+10:00,2021-08-06T10:29:45.4802036+10:00,134540139,682449290,4,True,14387,True,C4:E7:1C:A3:DA:45,1804,True,0,True,0,3103,2915,5822,4675,7921,3157,10794,2005,42,6789,7308,46,True,7538,True,2387,True,-53,C4:E7:1C:A3:DA:45,1149,True,3194,5054,5195,189,True,623,True,CovidHomeAg,4,N/A ,21192-474,Sponsored,2022-08-31,89.1.608,F1000227 COVID RC4,644
SJAMESON,KMANE,2021-08-06T10:29:37.6632050+10:00,2021-08-06T10:29:51.9428932+10:00,134540120,682630989,1,True,14278,True,FC:C7:84:BE:ED:31,1898,True,0,True,0,3165,3036,5956,5018,4950,3200,9616,2053,268,7388,7974,57,True,7493,True,2276,True,-53,FC:C7:84:BE:ED:31,973,True,3230,5068,5116,346,True,616,True,CovidHomeAg,4,N/A ,21192-474,Sponsored,2022-08-31,89.1.608,F1000227 COVID RC4,611
SJAMESON,KMANE,2021-08-06T10:29:40.7510630+10:00,2021-08-06T10:29:55.1083086+10:00,134540107,682051906,2,True,14357,True,E0:66:DC:47:21:92,1903,True,0,True,0,3142,2976,5945,4868,4199,3232,9286,2058,370,7434,7229,6,True,7464,True,2392,True,-53,E0:66:DC:47:21:92,842,True,3166,5032,5130,505,True,613,True,CovidHomeAg,4,N/A ,21192-474,Sponsored,2022-08-31,89.1.608,F1000227 COVID RC4,617
SJAMESON,KMANE,2021-08-06T10:29:43.8567150+10:00,2021-08-06T10:29:58.3490707+10:00,184820964,682581923,3,True,14492,True,D4:7A:76:D3:A3:1F,2015,True,0,True,0,3142,3004,5967,4910,7763,3168,10371,1983,240,8124,8035,12,True,7539,True,2402,True,-54,D4:7A:76:D3:A3:1F,863,True,3242,4899,5300,393,True,614,True,CovidHomeAg,4,N/A ,21192-474,Sponsored,2022-08-31,89.1.608,F1000227 COVID RC4,643
SJAMESON,KMANE,2021-08-06T10:29:48.2650105+10:00,2021-08-06T10:30:02.5260959+10:00,134540133,682449290,4,True,14261,True,CC:87:83:79:E5:6C,1763,True,0,True,0,3113,2961,5876,4819,6358,3189,10918,2005,208,7779,8180,6,True,7536,True,2303,True,-53,CC:87:83:79:E5:6C,1232,True,3269,4973,4993,194,True,607,True,CovidHomeAg,4,N/A ,21192-474,Sponsored,2022-08-31,89.1.608,F1000227 COVID RC4,614
SJAMESON,KMANE,2021-08-06T10:29:55.1833802+10:00,2021-08-06T10:30:09.6049510+10:00,117774088,682630989,1,True,14421,True,C4:9F:39:D6:8A:A7,1887,True,0,True,0,3085,2862,5806,4605,9284,3163,9111,2069,346,7234,7169,50,True,7359,True,2302,True,-54,C4:9F:39:D6:8A:A7,1318,True,3307,5084,5484,276,True,609,True,CovidHomeAg,4,N/A ,21192-474,Sponsored,2022-08-31,89.1.608,F1000227 COVID RC4,612
SJAMESON,KMANE,2021-08-06T10:29:58.4188953+10:00,2021-08-06T10:30:12.5098372+10:00,134540082,682051906,2,True,14090,True,F5:E8:33:84:81:56,1730,True,0,True,0,3147,2978,5956,4900,6732,3248,9020,2085,575,7080,6927,55,True,7430,True,2318,True,-52,F5:E8:33:84:81:56,922,True,3355,5025,5082,405,True,610,True,CovidHomeAg,4,N/A ,21192-474,Sponsored,2022-08-31,89.1.608,F1000227 COVID RC4,612
SJAMESON,KMANE,2021-08-06T10:30:01.4880648+10:00,2021-08-06T10:30:15.9282109+10:00,134540077,682581923,3,True,14440,True,DD:5C:28:3B:7E:1F,1977,True,0,True,0,3120,2951,5902,4814,7348,3206,10290,2069,312,6974,7537,23,True,7500,True,2407,True,-54,DD:5C:28:3B:7E:1F,1050,True,3210,4827,5002,204,True,625,True,CovidHomeAg,4,N/A ,21192-474,Sponsored,2022-08-31,89.1.608,F1000227 COVID RC4,643
SJAMESON,KMANE,2021-08-06T10:30:05.8266338+10:00,2021-08-06T10:30:19.9064323+10:00,184820961,682449290,4,True,14079,True,DC:CF:B3:35:16:BF,1681,True,0,True,0,3145,3015,5892,4932,5445,3206,8086,2021,63,7210,7216,12,True,7498,True,2386,True,-52,DC:CF:B3:35:16:BF,1009,True,3283,4925,5381,251,True,644,True,CovidHomeAg,4,N/A ,21192-474,Sponsored,2022-08-31,89.1.608,F1000227 COVID RC4,593
SJAMESON,KMANE,2021-08-06T10:30:13.1145358+10:00,2021-08-06T10:30:27.2832206+10:00,134540095,682630989,1,True,14168,True,CD:0D:35:E6:6C:16,1767,True,0,True,0,3154,3031,5961,4986,10016,3168,11284,2058,285,6757,6894,11,True,7496,True,2379,True,-53,CD:0D:35:E6:6C:16,1018,True,3333,5088,5154,226,True,620,True,CovidHomeAg,4,N/A ,21192-474,Sponsored,2022-08-31,89.1.608,F1000227 COVID RC4,644
SJAMESON,KMANE,2021-08-06T10:30:16.0271153+10:00,2021-08-06T10:30:30.2832004+10:00,134540080,682051906,2,True,14256,True,CA:60:E2:4A:42:D6,1816,True,0,True,0,3115,2895,5918,4771,7738,3248,8601,2123,679,7221,8104,50,True,7456,True,2406,True,-52,CA:60:E2:4A:42:D6,1102,True,3278,5005,5188,146,True,629,True,CovidHomeAg,4,N/A ,21192-474,Sponsored,2022-08-31,89.1.608,F1000227 COVID RC4,643
SJAMESON,KMANE,2021-08-06T10:30:18.8414666+10:00,2021-08-06T10:30:33.2626213+10:00,101010920,682581923,3,True,14421,True,F1:14:85:0C:B4:93,2030,True,0,True,0,3093,2979,5838,4798,6890,3152,10316,2031,78,7132,6534,14,True,7458,True,2403,True,-52,F1:14:85:0C:B4:93,846,True,3116,4764,4971,401,True,612,True,CovidHomeAg,4,N/A ,21192-474,Sponsored,2022-08-31,89.1.608,F1000227 COVID RC4,645
SJAMESON,KMANE,2021-08-06T10:30:22.7241439+10:00,2021-08-06T10:30:36.9220838+10:00,184820974,682449290,4,True,14197,True,FF:D1:85:4A:12:56,1800,True,0,True,0,3140,2975,5961,4846,6403,3206,10780,2048,174,6922,6584,56,True,7486,True,2394,True,-52,FF:D1:85:4A:12:56,757,True,3335,4979,5440,459,True,622,True,CovidHomeAg,4,N/A ,21192-474,Sponsored,2022-08-31,89.1.608,F1000227 COVID RC4,617
SJAMESON,KMANE,2021-08-06T10:30:30.7831593+10:00,2021-08-06T10:30:44.6906546+10:00,101010888,682630989,1,True,13907,True,E7:01:26:19:F1:09,1708,True,0,True,0,3131,2977,5908,4825,8388,3222,9385,2031,120,7156,7150,52,True,7401,True,2338,True,-53,E7:01:26:19:F1:09,810,True,3153,5023,5111,472,True,503,True,CovidHomeAg,4,N/A ,21192-474,Sponsored,2022-08-31,89.1.608,F1000227 COVID RC4,613
SJAMESON,KMANE,2021-08-06T10:30:33.7990887+10:00,2021-08-06T10:30:48.1853677+10:00,134540131,682051906,2,True,14386,True,FA:43:CE:AE:B3:AB,1948,True,0,True,0,3068,2825,5784,4562,8536,3200,10176,2058,319,6588,6470,13,True,7414,True,2416,True,-53,FA:43:CE:AE:B3:AB,959,True,3226,5104,5157,373,True,614,True,CovidHomeAg,4,N/A ,21192-474,Sponsored,2022-08-31,89.1.608,F1000227 COVID RC4,642
SJAMESON,KMANE,2021-08-06T10:30:36.6414896+10:00,2021-08-06T10:30:50.9784258+10:00,134540078,682581923,3,True,14336,True,CA:2D:42:A7:03:56,1837,True,0,True,0,3085,2832,5843,4541,10320,3259,11058,2074,670,7178,7352,55,True,7473,True,2313,True,-52,CA:2D:42:A7:03:56,775,True,3267,4915,5066,641,True,618,True,CovidHomeAg,4,N/A ,21192-474,Sponsored,2022-08-31,89.1.608,F1000227 COVID RC4,614
SJAMESON,KMANE,2021-08-06T10:30:40.2258523+10:00,2021-08-06T10:30:54.5931367+10:00,201547775,682449290,4,True,14367,True,F3:CA:64:6D:5E:81,1973,True,0,True,0,3128,3000,5897,4927,5252,3147,10126,2010,150,7767,7468,11,True,7512,True,2318,True,-51,F3:CA:64:6D:5E:81,1084,True,3285,4940,5361,240,True,610,True,CovidHomeAg,4,N/A ,21192-474,Sponsored,2022-08-31,89.1.608,F1000227 COVID RC4,612
SJAMESON,KMANE,2021-08-06T10:30:48.3829090+10:00,2021-08-06T10:31:02.5857081+10:00,134540135,682630989,1,True,14202,True,ED:69:1C:91:1C:20,1897,True,0,True,0,3075,2835,5763,4546,7077,3125,11114,1983,27,7118,7498,6,True,7368,True,2408,True,-54,ED:69:1C:91:1C:20,804,True,3358,5052,5124,440,True,623,True,CovidHomeAg,4,N/A ,21192-474,Sponsored,2022-08-31,89.1.608,F1000227 COVID RC4,644
SJAMESON,KMANE,2021-08-06T10:30:52.1697069+10:00,2021-08-06T10:31:06.5924043+10:00,184820962,682051906,2,True,14422,True,EA:25:79:0E:3F:B6,1932,True,0,True,0,3169,3036,5999,4969,9634,3270,10777,2085,502,7114,7584,21,True,7410,True,2310,True,-52,EA:25:79:0E:3F:B6,809,True,3246,4995,5450,431,True,613,True,CovidHomeAg,4,N/A ,21192-474,Sponsored,2022-08-31,89.1.608,F1000227 COVID RC4,888
SJAMESON,KMANE,2021-08-06T10:30:55.3742680+10:00,2021-08-06T10:31:09.9824473+10:00,117774121,682581923,3,True,14608,True,D5:07:4C:B3:EB:A6,2093,True,0,True,0,3134,2973,5924,4841,10449,3179,8849,2080,256,7260,7489,11,True,7497,True,2408,True,-53,D5:07:4C:B3:EB:A6,977,True,3251,4847,5243,355,True,617,True,CovidHomeAg,4,N/A ,21192-474,Sponsored,2022-08-31,89.1.608,F1000227 COVID RC4,642
SJAMESON,KMANE,2021-08-06T10:30:59.6610672+10:00,2021-08-06T10:31:13.8483974+10:00,134540140,682449290,4,True,14187,True,F1:4A:AC:48:EB:F7,1739,True,0,True,0,3142,3009,5977,4868,6662,3147,10618,2026,124,6753,6974,8,True,7545,True,2361,True,-52,F1:4A:AC:48:EB:F7,907,True,3210,5032,5090,383,True,626,True,CovidHomeAg,4,N/A ,21192-474,Sponsored,2022-08-31,89.1.608,F1000227 COVID RC4,612
SJAMESON,KMANE,2021-08-06T10:31:06.5659803+10:00,2021-08-06T10:31:21.0077743+10:00,101010836,682630989,1,True,14441,True,E2:50:BE:72:E8:6A,1897,True,0,True,0,3110,2938,5886,4760,6220,3179,11335,2037,231,7075,6996,56,True,7540,True,2347,True,-52,E2:50:BE:72:E8:6A,1169,True,3230,4939,5107,205,True,609,True,CovidHomeAg,4,N/A ,21192-474,Sponsored,2022-08-31,89.1.608,F1000227 COVID RC4,610
SJAMESON,KMANE,2021-08-06T10:31:10.2970366+10:00,2021-08-06T10:31:24.4378081+10:00,184820970,682051906,2,True,14140,True,FA:C9:51:F2:3D:BC,1683,True,0,True,0,3159,3034,6036,5012,4306,3254,8415,2128,745,7494,7666,56,True,7474,True,2416,True,-54,FA:C9:51:F2:3D:BC,761,True,3235,4938,5398,469,True,628,True,CovidHomeAg,4,N/A ,21192-474,Sponsored,2022-08-31,89.1.608,F1000227 COVID RC4,644
SJAMESON,KMANE,2021-08-06T10:31:13.6589021+10:00,2021-08-06T10:31:27.9556915+10:00,101010914,682581923,3,True,14296,True,D6:27:3B:1C:BD:C9,1810,True,0,True,0,3136,2999,5876,4819,9059,3195,7833,1989,64,7297,7703,51,True,7424,True,2409,True,-54,D6:27:3B:1C:BD:C9,889,True,3132,4737,4978,443,True,614,True,CovidHomeAg,4,N/A ,21192-474,Sponsored,2022-08-31,89.1.608,F1000227 COVID RC4,644
SJAMESON,KMANE,2021-08-06T10:31:16.6636656+10:00,2021-08-06T10:31:31.5361031+10:00,134540113,682449290,4,True,14872,True,CC:E8:D4:82:1B:45,2041,True,0,True,0,3153,3021,5956,4959,4185,3179,7628,2010,283,7606,7258,5,True,7432,True,2408,True,-53,CC:E8:D4:82:1B:45,1266,True,3241,4987,5026,423,True,613,True,CovidHomeAg,4,N/A ,21192-474,Sponsored,2022-08-31,89.1.608,F1000227 COVID RC4,675
SJAMESON,KMANE,2021-08-06T10:31:24.2829702+10:00,2021-08-06T10:31:38.6032179+10:00,184820956,682630989,1,True,14320,True,F9:98:80:A0:CE:E7,1894,True,0,True,0,3130,2972,5934,4862,5294,3195,9327,2069,346,8079,8333,53,True,7544,True,2348,True,-53,F9:98:80:A0:CE:E7,1074,True,3421,4961,5427,167,True,620,True,CovidHomeAg,4,N/A ,21192-474,Sponsored,2022-08-31,89.1.608,F1000227 COVID RC4,612
SJAMESON,KMANE,2021-08-06T10:31:28.1836306+10:00,2021-08-06T10:31:42.2622954+10:00,101010889,682051906,2,True,14078,True,F9:61:6B:10:F5:CC,1773,True,0,True,0,3131,2969,5913,4819,4545,3222,10920,2031,332,7715,7185,11,True,7424,True,2307,True,-51,F9:61:6B:10:F5:CC,1056,True,3162,4918,5061,283,True,607,True,CovidHomeAg,4,N/A ,21192-474,Sponsored,2022-08-31,89.1.608,F1000227 COVID RC4,611
SJAMESON,KMANE,2021-08-06T10:31:31.0749643+10:00,2021-08-06T10:31:45.8972877+10:00,134540128,682581923,3,True,14822,True,D1:D8:6A:24:F6:36,1974,True,0,True,0,3116,2957,5870,4814,6987,3222,10648,2053,375,6444,6715,47,True,7425,True,2408,True,-52,D1:D8:6A:24:F6:36,1368,True,3169,4957,5007,327,True,624,True,CovidHomeAg,4,N/A ,21192-474,Sponsored,2022-08-31,89.1.608,F1000227 COVID RC4,641
SJAMESON,KMANE,2021-08-06T10:31:34.3142467+10:00,2021-08-06T10:31:48.6303765+10:00,101010893,682449290,4,True,14316,True,E9:28:62:E6:12:1F,1883,True,0,True,0,3111,2959,5908,4857,7446,3195,10893,2021,658,6888,6934,15,True,7488,True,2477,True,-53,E9:28:62:E6:12:1F,1008,True,3175,4821,5066,178,True,614,True,CovidHomeAg,4,N/A ,21192-474,Sponsored,2022-08-31,89.1.608,F1000227 COVID RC4,643
SJAMESON,KMANE,2021-08-06T10:31:41.8773431+10:00,2021-08-06T10:31:56.6647761+10:00,101010832,682630989,1,True,14787,True,F5:CF:97:77:14:C8,1985,True,0,True,0,3087,2890,5784,4589,4923,3152,9043,1989,79,6824,7074,24,True,7376,True,2419,True,-53,F5:CF:97:77:14:C8,1290,True,3167,5109,5209,422,True,619,True,CovidHomeAg,4,N/A ,21192-474,Sponsored,2022-08-31,89.1.608,F1000227 COVID RC4,644
SJAMESON,KMANE,2021-08-06T10:31:45.0468848+10:00,2021-08-06T10:31:59.4938908+10:00,184820980,682051906,2,True,14447,True,C0:2A:0A:30:23:54,1996,True,0,True,0,3135,2990,5918,4878,5903,3163,11024,2031,159,6993,7116,13,True,7519,True,2399,True,-52,C0:2A:0A:30:23:54,893,True,3292,4950,5434,369,True,612,True,CovidHomeAg,4,N/A ,21192-474,Sponsored,2022-08-31,89.1.608,F1000227 COVID RC4,638
SJAMESON,KMANE,2021-08-06T10:31:49.0742807+10:00,2021-08-06T10:32:03.3506767+10:00,134540091,682581923,3,True,14276,True,EA:86:81:06:83:C6,1867,True,0,True,0,3135,2995,5913,4910,8224,3216,10249,2085,548,7190,8284,56,True,7412,True,2407,True,-53,EA:86:81:06:83:C6,764,True,3251,4890,5288,498,True,616,True,CovidHomeAg,4,N/A ,21192-474,Sponsored,2022-08-31,89.1.608,F1000227 COVID RC4,645
SJAMESON,KMANE,2021-08-06T10:31:52.1925734+10:00,2021-08-06T10:32:06.4155678+10:00,134540132,682449290,4,True,14222,True,C9:D5:9F:F3:B8:D1,1882,True,0,True,0,3113,2984,5881,4862,6688,3168,10402,2058,170,6620,6766,15,True,7429,True,2317,True,-52,C9:D5:9F:F3:B8:D1,1180,True,3321,4991,5023,155,True,620,True,CovidHomeAg,4,N/A ,21192-474,Sponsored,2022-08-31,89.1.608,F1000227 COVID RC4,613
SJAMESON,KMANE,2021-08-06T10:32:10.8162436+10:00,2021-08-06T10:32:12.7817343+10:00,184820945,682581923,3,False,1965,True,C9:67:85:3D:62:88,1950,True,0,False,0,2881,2787,5425,4444,10733,3200,9576,2031,246,6391,6100,14
SJAMESON,KMANE,2021-08-06T10:32:00.1546285+10:00,2021-08-06T10:32:14.3964752+10:00,117774112,682630989,1,True,14241,True,DE:CA:51:E1:3E:05,1909,True,0,True,0,3109,2947,5843,4750,10844,3184,11157,2053,403,7279,7620,22,True,7432,True,2402,True,-53,DE:CA:51:E1:3E:05,751,True,3373,5007,5189,456,True,621,True,CovidHomeAg,4,N/A ,21192-474,Sponsored,2022-08-31,89.1.608,F1000227 COVID RC4,642
SJAMESON,KMANE,2021-08-06T10:32:03.4978263+10:00,2021-08-06T10:32:18.4782687+10:00,184820978,682051906,2,True,14979,True,D6:7A:86:7B:05:CE,1861,True,0,True,0,3162,3008,5988,4953,5987,3232,10526,2074,390,7554,7164,44,True,7686,True,2423,True,-52,D6:7A:86:7B:05:CE,1450,True,3273,5066,5478,233,True,627,True,CovidHomeAg,4,N/A ,21192-474,Sponsored,2022-08-31,89.1.608,F1000227 COVID RC4,645
SJAMESON,KMANE,2021-08-06T10:32:14.0209753+10:00,2021-08-06T10:32:22.8093097+10:00,101010906,682449290,4,False,8788,True,E4:E2:4B:F2:B4:2A,1757,True,0,True,0,3130,2983,5918,4857,8240,3216,9748,2069,463,7331,7007,57,False,6972
SJAMESON,KMANE,2021-08-06T10:32:40.4996628+10:00,2021-08-06T10:32:54.6420540+10:00,101010906,682630989,1,True,14142,True,E4:E2:4B:F2:B4:2A,1752,True,0,True,0,3129,2988,5876,4846,8370,3152,9954,1999,70,7359,7032,54,True,7490,True,2294,True,-53,E4:E2:4B:F2:B4:2A,891,True,3233,4942,5122,429,True,611,True,CovidHomeAg,4,N/A ,21192-474,Sponsored,2022-08-31,89.1.608,F1000227 COVID RC4,612
SJAMESON,KMANE,2021-08-06T10:33:11.4170259+10:00,2021-08-06T10:33:23.6817913+10:00,4294967295,682051906,2,False,12264,False,E4:5C:99:F9:B2:FE,12264
SJAMESON,KMANE,2021-08-06T10:33:10.2247364+10:00,2021-08-06T10:33:24.4443596+10:00,184820945,682630989,1,True,14219,True,C9:67:85:3D:62:88,1923,True,0,True,0,2969,2883,5581,4696,10628,3189,9615,2058,218,6559,6262,13,True,7372,True,2395,True,-52,C9:67:85:3D:62:88,858,True,3448,5016,5466,393,True,611,True,CovidHomeAg,4,N/A ,21192-474,Sponsored,2022-08-31,89.1.608,F1000227 COVID RC4,643
